"","haplogroup","p_val"
"1",1,1
"2",NA,NA
"3",NA,NA
"4",NA,NA
"5",NA,NA
"6",NA,NA
"7",1,1
"8",2,1
"9",2,1
"10",2,1
"11",2,1
"12",2,1
"13",2,1
"14",3,1
"15",4,1
"16",5,1
"17",6,1
"18",6,1
"19",7,0.3045
"20",8,1
"21",8,1
"22",8,1
"23",9,1
"24",8,1
"25",8,1
"26",8,1
"27",8,1
"28",8,1
"29",8,1
"30",8,1
"31",8,1
"32",8,1
"33",8,1
"34",8,1
"35",8,1
"36",8,1
"37",8,1
"38",8,1
"39",8,1
"40",8,1
"41",8,1
"42",8,1
"43",8,1
"44",8,1
"45",8,1
"46",8,1
"47",8,1
"48",8,1
"49",10,1
"50",10,1
"51",11,1
"52",12,1
"53",13,0.3125
"54",14,1
"55",14,1
"56",14,1
"57",14,1
"58",14,1
"59",14,1
"60",14,1
"61",14,1
"62",14,1
"63",14,1
"64",15,1
"65",15,1
"66",16,1
"67",16,1
"68",16,1
"69",16,1
"70",16,1
"71",16,1
"72",16,1
"73",17,1
"74",18,1
"75",18,1
"76",18,1
"77",18,1
"78",19,1
"79",19,1
"80",20,0.2345
"81",20,0.2345
"82",21,0.333
"83",21,0.333
"84",21,0.333
"85",21,0.333
"86",22,0.109
"87",23,0.198
"88",24,0.1175
"89",25,0.3925
"90",25,0.3925
"91",25,0.3925
"92",25,0.3925
"93",25,0.3925
"94",25,0.3925
"95",25,0.3925
"96",25,0.3925
"97",26,1
"98",26,1
"99",26,1
"100",27,1
"101",28,1
"102",28,1
"103",28,1
"104",28,1
"105",29,0.3345
"106",29,0.3345
"107",29,0.3345
"108",29,0.3345
"109",30,0.265
"110",30,0.265
"111",30,0.265
"112",30,0.265
"113",31,0.391
"114",31,0.391
"115",31,0.391
"116",31,0.391
"117",31,0.391
"118",31,0.391
"119",31,0.391
"120",31,0.391
"121",32,1
"122",33,1
"123",34,1
"124",34,1
"125",35,1
"126",36,0.4005
"127",36,0.4005
"128",36,0.4005
"129",36,0.4005
"130",36,0.4005
"131",36,0.4005
"132",36,0.4005
"133",36,0.4005
"134",36,0.4005
"135",36,0.4005
"136",37,1
"137",38,0.238
"138",38,0.238
"139",38,0.238
"140",39,1
"141",40,0.2845
"142",41,0.4065
"143",41,0.4065
"144",41,0.4065
"145",41,0.4065
"146",41,0.4065
"147",42,1
"148",42,1
"149",43,1
"150",43,1
"151",43,1
"152",43,1
"153",43,1
"154",43,1
"155",43,1
"156",43,1
"157",43,1
"158",43,1
"159",43,1
"160",43,1
"161",43,1
"162",43,1
"163",43,1
"164",43,1
"165",43,1
"166",43,1
"167",43,1
"168",43,1
"169",43,1
"170",44,1
"171",43,1
"172",43,1
"173",43,1
"174",43,1
"175",43,1
"176",43,1
"177",43,1
"178",43,1
"179",43,1
"180",43,1
"181",43,1
"182",43,1
"183",45,1
"184",46,1
"185",46,1
"186",46,1
"187",47,1
"188",48,1
"189",49,1
"190",48,1
"191",50,1
"192",51,0.14
"193",51,0.14
"194",51,0.14
"195",51,0.14
"196",51,0.14
"197",51,0.14
"198",51,0.14
"199",51,0.14
"200",51,0.14
"201",51,0.14
"202",51,0.14
"203",51,0.14
"204",51,0.14
"205",51,0.14
"206",51,0.14
"207",51,0.14
"208",51,0.14
"209",51,0.14
"210",51,0.14
"211",52,1
"212",52,1
"213",52,1
"214",53,1
"215",53,1
"216",54,0.1405
"217",54,0.1405
"218",54,0.1405
"219",54,0.1405
"220",55,0.287
"221",55,0.287
"222",55,0.287
"223",56,1
"224",56,1
"225",56,1
"226",56,1
"227",56,1
"228",56,1
"229",56,1
"230",57,1
"231",57,1
"232",57,1
"233",57,1
"234",57,1
"235",57,1
"236",57,1
"237",58,1
"238",58,1
"239",58,1
"240",58,1
"241",58,1
"242",58,1
"243",58,1
"244",58,1
"245",58,1
"246",58,1
"247",58,1
"248",58,1
"249",58,1
"250",58,1
"251",58,1
"252",59,1
"253",60,1
"254",59,1
"255",59,1
"256",59,1
"257",59,1
"258",59,1
"259",61,1
"260",61,1
"261",61,1
"262",61,1
"263",61,1
"264",61,1
"265",61,1
"266",61,1
"267",62,0.1055
"268",62,0.1055
"269",62,0.1055
"270",62,0.1055
"271",62,0.1055
"272",62,0.1055
"273",62,0.1055
"274",62,0.1055
"275",62,0.1055
"276",62,0.1055
"277",62,0.1055
"278",62,0.1055
"279",62,0.1055
"280",62,0.1055
"281",63,0.1785
"282",64,1
"283",64,1
"284",64,1
"285",64,1
"286",64,1
"287",64,1
"288",64,1
"289",65,1
"290",65,1
"291",65,1
"292",65,1
"293",65,1
"294",65,1
"295",65,1
"296",65,1
"297",65,1
"298",65,1
"299",65,1
"300",65,1
"301",65,1
"302",65,1
"303",65,1
"304",65,1
"305",66,1
"306",66,1
"307",66,1
"308",67,0.442
"309",68,0.447
"310",68,0.447
"311",68,0.447
"312",68,0.447
"313",69,1
"314",69,1
"315",70,0.4145
"316",71,1
"317",72,1
"318",72,1
"319",73,1
"320",74,1
"321",75,1
"322",76,1
"323",76,1
"324",77,1
"325",77,1
"326",78,1
"327",79,1
"328",80,1
"329",81,1
"330",81,1
"331",81,1
"332",81,1
"333",81,1
"334",82,1
"335",83,0.384
"336",84,1
"337",85,0.0685
"338",86,0.009
"339",87,0.0085
"340",88,0.1165
"341",89,1
"342",90,1
"343",90,1
"344",90,1
"345",91,0.0255
"346",91,0.0255
"347",92,0.028
"348",93,0.0335
"349",94,0.0285
"350",94,0.0285
"351",95,1
"352",96,1
"353",NA,NA
"354",NA,NA
"355",97,0.088
"356",98,0.321
"357",98,0.321
"358",99,0.2265
"359",99,0.2265
"360",99,0.2265
"361",99,0.2265
"362",99,0.2265
"363",99,0.2265
"364",99,0.2265
"365",99,0.2265
"366",99,0.2265
"367",99,0.2265
"368",99,0.2265
"369",99,0.2265
"370",99,0.2265
"371",99,0.2265
"372",99,0.2265
"373",99,0.2265
"374",99,0.2265
"375",99,0.2265
"376",100,0.0075
"377",100,0.0075
"378",99,0.2265
"379",99,0.2265
"380",99,0.2265
"381",99,0.2265
"382",99,0.2265
"383",99,0.2265
"384",99,0.2265
"385",101,0.0765
"386",101,0.0765
"387",101,0.0765
"388",101,0.0765
"389",101,0.0765
"390",101,0.0765
"391",101,0.0765
"392",101,0.0765
"393",102,0.018
"394",101,0.0765
"395",101,0.0765
"396",101,0.0765
"397",103,0.0425
"398",104,0.0975
"399",105,0.1175
"400",106,0.271
"401",106,0.271
"402",106,0.271
"403",106,0.271
"404",106,0.271
"405",106,0.271
"406",106,0.271
"407",106,0.271
"408",106,0.271
"409",106,0.271
"410",106,0.271
"411",106,0.271
"412",107,0.2465
"413",108,0.3315
"414",NA,NA
"415",NA,NA
"416",108,0.3315
"417",109,1
"418",109,1
"419",109,1
"420",109,1
"421",110,0.358
"422",110,0.358
"423",111,0.1135
"424",111,0.1135
"425",111,0.1135
"426",111,0.1135
"427",111,0.1135
"428",111,0.1135
"429",112,0.068
"430",112,0.068
"431",112,0.068
"432",113,0.026
"433",114,0.057
"434",NA,NA
"435",NA,NA
"436",NA,NA
"437",NA,NA
"438",115,1
"439",NA,NA
"440",116,0.334
"441",117,0.2725
"442",118,1
"443",118,1
"444",119,0.072
"445",119,0.072
"446",119,0.072
"447",119,0.072
"448",119,0.072
"449",119,0.072
"450",119,0.072
"451",119,0.072
"452",119,0.072
"453",119,0.072
"454",119,0.072
"455",119,0.072
"456",119,0.072
"457",119,0.072
"458",119,0.072
"459",119,0.072
"460",119,0.072
"461",119,0.072
"462",119,0.072
"463",119,0.072
"464",119,0.072
"465",119,0.072
"466",119,0.072
"467",119,0.072
"468",119,0.072
"469",119,0.072
"470",119,0.072
"471",119,0.072
"472",119,0.072
"473",119,0.072
"474",119,0.072
"475",119,0.072
"476",119,0.072
"477",119,0.072
"478",119,0.072
"479",119,0.072
"480",119,0.072
"481",119,0.072
"482",119,0.072
"483",119,0.072
"484",120,0.268
"485",120,0.268
"486",120,0.268
"487",120,0.268
"488",121,0.2695
"489",122,0.2385
"490",122,0.2385
"491",122,0.2385
"492",122,0.2385
"493",122,0.2385
"494",123,1
"495",123,1
"496",123,1
"497",123,1
"498",123,1
"499",124,1
"500",125,0.521
"501",125,0.521
"502",125,0.521
"503",126,1
"504",126,1
"505",127,1
"506",128,1
"507",128,1
"508",128,1
"509",129,1
"510",129,1
"511",129,1
"512",129,1
"513",129,1
"514",129,1
"515",129,1
"516",129,1
"517",129,1
"518",129,1
"519",129,1
"520",129,1
"521",129,1
"522",129,1
"523",129,1
"524",129,1
"525",130,1
"526",130,1
"527",130,1
"528",130,1
"529",130,1
"530",130,1
"531",130,1
"532",131,0.507
"533",132,1
"534",132,1
"535",132,1
"536",132,1
"537",133,0.465
"538",133,0.465
"539",133,0.465
"540",134,1
"541",135,1
"542",135,1
"543",136,1
"544",137,1
"545",137,1
"546",138,0.2435
"547",138,0.2435
"548",138,0.2435
"549",138,0.2435
"550",138,0.2435
"551",138,0.2435
"552",139,0.4355
"553",139,0.4355
"554",139,0.4355
"555",140,0.0845
"556",140,0.0845
"557",140,0.0845
"558",141,0.0475
"559",141,0.0475
"560",141,0.0475
"561",141,0.0475
"562",141,0.0475
"563",141,0.0475
"564",141,0.0475
"565",141,0.0475
"566",141,0.0475
"567",142,0.033
"568",142,0.033
"569",142,0.033
"570",142,0.033
"571",142,0.033
"572",143,0.0655
"573",143,0.0655
"574",143,0.0655
"575",143,0.0655
"576",144,0.058
"577",143,0.0655
"578",143,0.0655
"579",143,0.0655
"580",143,0.0655
"581",143,0.0655
"582",143,0.0655
"583",143,0.0655
"584",145,0.0135
"585",145,0.0135
"586",146,0.007
"587",146,0.007
"588",146,0.007
"589",146,0.007
"590",146,0.007
"591",146,0.007
"592",146,0.007
"593",146,0.007
"594",146,0.007
"595",146,0.007
"596",146,0.007
"597",146,0.007
"598",146,0.007
"599",146,0.007
"600",146,0.007
"601",146,0.007
"602",146,0.007
"603",146,0.007
"604",146,0.007
"605",147,0.0105
"606",147,0.0105
"607",147,0.0105
"608",148,0.0105
"609",149,0.01
"610",149,0.01
"611",149,0.01
"612",150,0.2255
"613",150,0.2255
"614",150,0.2255
"615",150,0.2255
"616",150,0.2255
"617",150,0.2255
"618",151,0.1005
"619",150,0.2255
"620",150,0.2255
"621",150,0.2255
"622",150,0.2255
"623",150,0.2255
"624",150,0.2255
"625",150,0.2255
"626",150,0.2255
"627",150,0.2255
"628",150,0.2255
"629",150,0.2255
"630",150,0.2255
"631",150,0.2255
"632",150,0.2255
"633",150,0.2255
"634",150,0.2255
"635",150,0.2255
"636",150,0.2255
"637",150,0.2255
"638",150,0.2255
"639",150,0.2255
"640",150,0.2255
"641",150,0.2255
"642",150,0.2255
"643",150,0.2255
"644",150,0.2255
"645",150,0.2255
"646",150,0.2255
"647",150,0.2255
"648",150,0.2255
"649",150,0.2255
"650",150,0.2255
"651",150,0.2255
"652",150,0.2255
"653",150,0.2255
"654",150,0.2255
"655",150,0.2255
"656",150,0.2255
"657",150,0.2255
"658",150,0.2255
"659",150,0.2255
"660",150,0.2255
"661",150,0.2255
"662",150,0.2255
"663",150,0.2255
"664",150,0.2255
"665",150,0.2255
"666",150,0.2255
"667",150,0.2255
"668",150,0.2255
"669",150,0.2255
"670",150,0.2255
"671",150,0.2255
"672",150,0.2255
"673",152,0.3135
"674",153,0.23
"675",154,0.246
"676",155,1
"677",155,1
"678",155,1
"679",155,1
"680",155,1
"681",156,0.0715
"682",150,0.2255
"683",150,0.2255
"684",150,0.2255
"685",150,0.2255
"686",150,0.2255
"687",150,0.2255
"688",150,0.2255
"689",150,0.2255
"690",150,0.2255
"691",150,0.2255
"692",150,0.2255
"693",150,0.2255
"694",150,0.2255
"695",150,0.2255
"696",NA,NA
"697",NA,NA
"698",NA,NA
"699",150,0.2255
"700",150,0.2255
"701",150,0.2255
"702",157,0.0125
"703",NA,NA
"704",NA,NA
"705",NA,NA
"706",NA,NA
"707",158,0.012
"708",158,0.012
"709",158,0.012
"710",158,0.012
"711",159,0.0025
"712",159,0.0025
"713",160,5e-04
"714",160,5e-04
"715",161,5e-04
"716",160,5e-04
"717",160,5e-04
"718",160,5e-04
"719",160,5e-04
"720",160,5e-04
"721",160,5e-04
"722",160,5e-04
"723",160,5e-04
"724",160,5e-04
"725",160,5e-04
"726",160,5e-04
"727",160,5e-04
"728",160,5e-04
"729",160,5e-04
"730",160,5e-04
"731",160,5e-04
"732",160,5e-04
"733",160,5e-04
"734",160,5e-04
"735",160,5e-04
"736",160,5e-04
"737",160,5e-04
"738",160,5e-04
"739",160,5e-04
"740",160,5e-04
"741",160,5e-04
"742",160,5e-04
"743",160,5e-04
"744",160,5e-04
"745",160,5e-04
"746",160,5e-04
"747",162,5e-04
"748",162,5e-04
"749",163,0.0085
"750",163,0.0085
"751",163,0.0085
"752",163,0.0085
"753",163,0.0085
"754",163,0.0085
"755",163,0.0085
"756",163,0.0085
"757",163,0.0085
"758",163,0.0085
"759",163,0.0085
"760",163,0.0085
"761",163,0.0085
"762",163,0.0085
"763",163,0.0085
"764",163,0.0085
"765",163,0.0085
"766",163,0.0085
"767",163,0.0085
"768",163,0.0085
"769",163,0.0085
"770",163,0.0085
"771",163,0.0085
"772",163,0.0085
"773",163,0.0085
"774",163,0.0085
"775",163,0.0085
"776",163,0.0085
"777",163,0.0085
"778",163,0.0085
"779",163,0.0085
"780",163,0.0085
"781",163,0.0085
"782",163,0.0085
"783",163,0.0085
"784",163,0.0085
"785",163,0.0085
"786",163,0.0085
"787",163,0.0085
"788",163,0.0085
"789",163,0.0085
"790",163,0.0085
"791",163,0.0085
"792",163,0.0085
"793",163,0.0085
"794",163,0.0085
"795",163,0.0085
"796",163,0.0085
"797",163,0.0085
"798",163,0.0085
"799",163,0.0085
"800",NA,NA
"801",NA,NA
"802",NA,NA
"803",NA,NA
"804",NA,NA
"805",164,0.0105
"806",NA,NA
"807",NA,NA
"808",163,0.0085
"809",163,0.0085
"810",163,0.0085
"811",163,0.0085
"812",163,0.0085
"813",163,0.0085
"814",163,0.0085
"815",NA,NA
"816",NA,NA
"817",163,0.0085
"818",163,0.0085
"819",163,0.0085
"820",163,0.0085
"821",163,0.0085
"822",163,0.0085
"823",163,0.0085
"824",163,0.0085
"825",163,0.0085
"826",163,0.0085
"827",163,0.0085
"828",163,0.0085
"829",163,0.0085
"830",163,0.0085
"831",163,0.0085
"832",163,0.0085
"833",163,0.0085
"834",163,0.0085
"835",163,0.0085
"836",163,0.0085
"837",163,0.0085
"838",163,0.0085
"839",163,0.0085
"840",164,0.0105
"841",163,0.0085
"842",163,0.0085
"843",163,0.0085
"844",163,0.0085
"845",163,0.0085
"846",163,0.0085
"847",163,0.0085
"848",163,0.0085
"849",163,0.0085
"850",163,0.0085
"851",163,0.0085
"852",163,0.0085
"853",162,5e-04
"854",162,5e-04
"855",162,5e-04
"856",162,5e-04
"857",165,5e-04
"858",165,5e-04
"859",165,5e-04
"860",165,5e-04
"861",165,5e-04
"862",166,5e-04
"863",166,5e-04
"864",166,5e-04
"865",166,5e-04
"866",NA,NA
"867",NA,NA
"868",167,0.001
"869",167,0.001
"870",167,0.001
"871",167,0.001
"872",167,0.001
"873",167,0.001
"874",167,0.001
"875",167,0.001
"876",167,0.001
"877",167,0.001
"878",167,0.001
"879",167,0.001
"880",167,0.001
"881",167,0.001
"882",167,0.001
"883",167,0.001
"884",167,0.001
"885",167,0.001
"886",168,0.0035
"887",167,0.001
"888",167,0.001
"889",167,0.001
"890",167,0.001
"891",167,0.001
"892",167,0.001
"893",167,0.001
"894",167,0.001
"895",167,0.001
"896",167,0.001
"897",167,0.001
"898",167,0.001
"899",167,0.001
"900",167,0.001
"901",167,0.001
"902",169,0.0055
"903",169,0.0055
"904",167,0.001
"905",167,0.001
"906",167,0.001
"907",167,0.001
"908",167,0.001
"909",167,0.001
"910",167,0.001
"911",167,0.001
"912",167,0.001
"913",167,0.001
"914",167,0.001
"915",167,0.001
"916",167,0.001
"917",167,0.001
"918",167,0.001
"919",167,0.001
"920",170,0.0035
"921",170,0.0035
"922",170,0.0035
"923",171,0.0065
"924",171,0.0065
"925",172,0.041
"926",172,0.041
"927",172,0.041
"928",172,0.041
"929",172,0.041
"930",172,0.041
"931",172,0.041
"932",172,0.041
"933",172,0.041
"934",172,0.041
"935",172,0.041
"936",172,0.041
"937",172,0.041
"938",172,0.041
"939",172,0.041
"940",172,0.041
"941",172,0.041
"942",172,0.041
"943",172,0.041
"944",172,0.041
"945",172,0.041
"946",172,0.041
"947",172,0.041
"948",172,0.041
"949",172,0.041
"950",172,0.041
"951",172,0.041
"952",172,0.041
"953",172,0.041
"954",172,0.041
"955",172,0.041
"956",172,0.041
"957",172,0.041
"958",172,0.041
"959",172,0.041
"960",172,0.041
"961",172,0.041
"962",172,0.041
"963",172,0.041
"964",172,0.041
"965",172,0.041
"966",172,0.041
"967",172,0.041
"968",172,0.041
"969",172,0.041
"970",172,0.041
"971",172,0.041
"972",172,0.041
"973",172,0.041
"974",172,0.041
"975",172,0.041
"976",172,0.041
"977",173,0.0215
"978",174,0.058
"979",174,0.058
"980",174,0.058
"981",174,0.058
"982",174,0.058
"983",174,0.058
"984",174,0.058
"985",174,0.058
"986",174,0.058
"987",174,0.058
"988",174,0.058
"989",174,0.058
"990",174,0.058
"991",174,0.058
"992",174,0.058
"993",174,0.058
"994",174,0.058
"995",174,0.058
"996",174,0.058
"997",174,0.058
"998",174,0.058
"999",174,0.058
"1000",174,0.058
"1001",174,0.058
"1002",174,0.058
"1003",NA,NA
"1004",NA,NA
"1005",174,0.058
"1006",174,0.058
"1007",174,0.058
"1008",174,0.058
"1009",174,0.058
"1010",174,0.058
"1011",174,0.058
"1012",175,0.1275
"1013",174,0.058
"1014",174,0.058
"1015",174,0.058
"1016",175,0.1275
"1017",174,0.058
"1018",174,0.058
"1019",176,0.2415
"1020",174,0.058
"1021",174,0.058
"1022",174,0.058
"1023",174,0.058
"1024",174,0.058
"1025",174,0.058
"1026",174,0.058
"1027",174,0.058
"1028",174,0.058
"1029",174,0.058
"1030",174,0.058
"1031",174,0.058
"1032",174,0.058
"1033",174,0.058
"1034",174,0.058
"1035",174,0.058
"1036",174,0.058
"1037",174,0.058
"1038",174,0.058
"1039",174,0.058
"1040",174,0.058
"1041",174,0.058
"1042",174,0.058
"1043",174,0.058
"1044",174,0.058
"1045",174,0.058
"1046",174,0.058
"1047",174,0.058
"1048",174,0.058
"1049",174,0.058
"1050",174,0.058
"1051",174,0.058
"1052",174,0.058
"1053",174,0.058
"1054",174,0.058
"1055",174,0.058
"1056",174,0.058
"1057",174,0.058
"1058",174,0.058
"1059",174,0.058
"1060",174,0.058
"1061",174,0.058
"1062",174,0.058
"1063",174,0.058
"1064",177,0.2815
"1065",178,1
"1066",178,1
"1067",178,1
"1068",178,1
"1069",178,1
"1070",178,1
"1071",178,1
"1072",178,1
"1073",178,1
"1074",178,1
"1075",178,1
"1076",178,1
"1077",178,1
"1078",179,0.4655
"1079",180,0.272
"1080",179,0.4655
"1081",NA,NA
"1082",NA,NA
"1083",NA,NA
"1084",178,1
"1085",178,1
"1086",178,1
"1087",NA,NA
"1088",NA,NA
"1089",178,1
"1090",NA,NA
"1091",NA,NA
"1092",NA,NA
"1093",NA,NA
"1094",NA,NA
"1095",NA,NA
"1096",NA,NA
"1097",NA,NA
"1098",NA,NA
"1099",178,1
"1100",178,1
"1101",178,1
"1102",178,1
"1103",178,1
"1104",178,1
"1105",178,1
"1106",178,1
"1107",178,1
"1108",178,1
"1109",178,1
"1110",178,1
"1111",178,1
"1112",178,1
"1113",178,1
"1114",178,1
"1115",178,1
"1116",181,0.0475
"1117",181,0.0475
"1118",181,0.0475
"1119",181,0.0475
"1120",181,0.0475
"1121",181,0.0475
"1122",181,0.0475
"1123",181,0.0475
"1124",181,0.0475
"1125",181,0.0475
"1126",181,0.0475
"1127",181,0.0475
"1128",181,0.0475
"1129",181,0.0475
"1130",181,0.0475
"1131",181,0.0475
"1132",181,0.0475
"1133",181,0.0475
"1134",181,0.0475
"1135",181,0.0475
"1136",181,0.0475
"1137",182,0.066
"1138",181,0.0475
"1139",181,0.0475
"1140",181,0.0475
"1141",181,0.0475
"1142",181,0.0475
"1143",181,0.0475
"1144",181,0.0475
"1145",181,0.0475
"1146",183,0.0975
"1147",184,0.1155
"1148",184,0.1155
"1149",184,0.1155
"1150",184,0.1155
"1151",184,0.1155
"1152",184,0.1155
"1153",184,0.1155
"1154",184,0.1155
"1155",184,0.1155
"1156",184,0.1155
"1157",184,0.1155
"1158",184,0.1155
"1159",184,0.1155
"1160",184,0.1155
"1161",184,0.1155
"1162",184,0.1155
"1163",184,0.1155
"1164",184,0.1155
"1165",184,0.1155
"1166",184,0.1155
"1167",184,0.1155
"1168",185,0.0765
"1169",186,0.3
"1170",186,0.3
"1171",187,0.18
"1172",188,0.234
"1173",188,0.234
"1174",188,0.234
"1175",188,0.234
"1176",188,0.234
"1177",188,0.234
"1178",188,0.234
"1179",188,0.234
"1180",188,0.234
"1181",188,0.234
"1182",188,0.234
"1183",188,0.234
"1184",188,0.234
"1185",188,0.234
"1186",188,0.234
"1187",189,0.035
"1188",188,0.234
"1189",188,0.234
"1190",190,0.2485
"1191",188,0.234
"1192",188,0.234
"1193",188,0.234
"1194",188,0.234
"1195",188,0.234
"1196",188,0.234
"1197",188,0.234
"1198",188,0.234
"1199",188,0.234
"1200",188,0.234
"1201",188,0.234
"1202",188,0.234
"1203",188,0.234
"1204",188,0.234
"1205",188,0.234
"1206",188,0.234
"1207",188,0.234
"1208",188,0.234
"1209",189,0.035
"1210",NA,NA
"1211",NA,NA
"1212",191,0.1875
"1213",191,0.1875
"1214",191,0.1875
"1215",191,0.1875
"1216",191,0.1875
"1217",191,0.1875
"1218",192,0.077
"1219",193,0.369
"1220",193,0.369
"1221",193,0.369
"1222",193,0.369
"1223",193,0.369
"1224",193,0.369
"1225",193,0.369
"1226",193,0.369
"1227",194,0.3455
"1228",195,0.513
"1229",195,0.513
"1230",195,0.513
"1231",195,0.513
"1232",196,0.2235
"1233",197,0.323
"1234",197,0.323
"1235",196,0.2235
"1236",196,0.2235
"1237",196,0.2235
"1238",196,0.2235
"1239",196,0.2235
"1240",195,0.513
"1241",195,0.513
"1242",195,0.513
"1243",195,0.513
"1244",195,0.513
"1245",195,0.513
"1246",198,0.4245
"1247",199,0.4095
"1248",200,0.129
"1249",200,0.129
"1250",200,0.129
"1251",200,0.129
"1252",201,0.0275
"1253",202,0.084
"1254",202,0.084
"1255",202,0.084
"1256",203,0.1185
"1257",203,0.1185
"1258",203,0.1185
"1259",203,0.1185
"1260",203,0.1185
"1261",203,0.1185
"1262",203,0.1185
"1263",203,0.1185
"1264",203,0.1185
"1265",203,0.1185
"1266",203,0.1185
"1267",204,0.0535
"1268",205,0.1295
"1269",205,0.1295
"1270",205,0.1295
"1271",206,0.25
"1272",206,0.25
"1273",206,0.25
"1274",206,0.25
"1275",206,0.25
"1276",206,0.25
"1277",206,0.25
"1278",206,0.25
"1279",206,0.25
"1280",206,0.25
"1281",206,0.25
"1282",206,0.25
"1283",206,0.25
"1284",206,0.25
"1285",206,0.25
"1286",206,0.25
"1287",206,0.25
"1288",206,0.25
"1289",206,0.25
"1290",206,0.25
"1291",206,0.25
"1292",206,0.25
"1293",206,0.25
"1294",206,0.25
"1295",206,0.25
"1296",206,0.25
"1297",206,0.25
"1298",206,0.25
"1299",206,0.25
"1300",206,0.25
"1301",206,0.25
"1302",206,0.25
"1303",206,0.25
"1304",206,0.25
"1305",206,0.25
"1306",206,0.25
"1307",206,0.25
"1308",206,0.25
"1309",206,0.25
"1310",206,0.25
"1311",206,0.25
"1312",207,0.289
"1313",207,0.289
"1314",207,0.289
"1315",207,0.289
"1316",207,0.289
"1317",208,0.191
"1318",209,0.1845
"1319",209,0.1845
"1320",209,0.1845
"1321",209,0.1845
"1322",209,0.1845
"1323",209,0.1845
"1324",209,0.1845
"1325",209,0.1845
"1326",209,0.1845
"1327",209,0.1845
"1328",209,0.1845
"1329",209,0.1845
"1330",209,0.1845
"1331",209,0.1845
"1332",209,0.1845
"1333",209,0.1845
"1334",209,0.1845
"1335",210,0.1875
"1336",211,0.1185
"1337",212,0.0315
"1338",212,0.0315
"1339",212,0.0315
"1340",212,0.0315
"1341",212,0.0315
"1342",212,0.0315
"1343",212,0.0315
"1344",212,0.0315
"1345",212,0.0315
"1346",212,0.0315
"1347",212,0.0315
"1348",212,0.0315
"1349",211,0.1185
"1350",209,0.1845
"1351",209,0.1845
"1352",209,0.1845
"1353",209,0.1845
"1354",209,0.1845
"1355",209,0.1845
"1356",209,0.1845
"1357",209,0.1845
"1358",209,0.1845
"1359",209,0.1845
"1360",209,0.1845
"1361",209,0.1845
"1362",209,0.1845
"1363",209,0.1845
"1364",209,0.1845
"1365",209,0.1845
"1366",209,0.1845
"1367",209,0.1845
"1368",209,0.1845
"1369",209,0.1845
"1370",213,0.0805
"1371",209,0.1845
"1372",209,0.1845
"1373",209,0.1845
"1374",209,0.1845
"1375",209,0.1845
"1376",209,0.1845
"1377",209,0.1845
"1378",209,0.1845
"1379",209,0.1845
"1380",209,0.1845
"1381",209,0.1845
"1382",209,0.1845
"1383",209,0.1845
"1384",214,0.205
"1385",215,0.0775
"1386",215,0.0775
"1387",215,0.0775
"1388",215,0.0775
"1389",215,0.0775
"1390",215,0.0775
"1391",215,0.0775
"1392",215,0.0775
"1393",215,0.0775
"1394",215,0.0775
"1395",215,0.0775
"1396",215,0.0775
"1397",215,0.0775
"1398",215,0.0775
"1399",215,0.0775
"1400",215,0.0775
"1401",215,0.0775
"1402",215,0.0775
"1403",215,0.0775
"1404",215,0.0775
"1405",215,0.0775
"1406",215,0.0775
"1407",215,0.0775
"1408",215,0.0775
"1409",215,0.0775
"1410",215,0.0775
"1411",215,0.0775
"1412",215,0.0775
"1413",215,0.0775
"1414",215,0.0775
"1415",215,0.0775
"1416",215,0.0775
"1417",215,0.0775
"1418",215,0.0775
"1419",215,0.0775
"1420",216,0.0375
"1421",215,0.0775
"1422",215,0.0775
"1423",215,0.0775
"1424",215,0.0775
"1425",215,0.0775
"1426",215,0.0775
"1427",215,0.0775
"1428",215,0.0775
"1429",215,0.0775
"1430",215,0.0775
"1431",215,0.0775
"1432",215,0.0775
"1433",215,0.0775
"1434",215,0.0775
"1435",215,0.0775
"1436",215,0.0775
"1437",215,0.0775
"1438",215,0.0775
"1439",215,0.0775
"1440",215,0.0775
"1441",215,0.0775
"1442",215,0.0775
"1443",215,0.0775
"1444",215,0.0775
"1445",215,0.0775
"1446",215,0.0775
"1447",215,0.0775
"1448",215,0.0775
"1449",215,0.0775
"1450",215,0.0775
"1451",215,0.0775
"1452",215,0.0775
"1453",150,0.2255
"1454",150,0.2255
"1455",150,0.2255
"1456",150,0.2255
"1457",150,0.2255
"1458",150,0.2255
"1459",150,0.2255
"1460",150,0.2255
"1461",150,0.2255
"1462",150,0.2255
"1463",150,0.2255
"1464",150,0.2255
"1465",150,0.2255
"1466",150,0.2255
"1467",150,0.2255
"1468",150,0.2255
"1469",150,0.2255
"1470",150,0.2255
"1471",150,0.2255
"1472",150,0.2255
"1473",150,0.2255
"1474",150,0.2255
"1475",150,0.2255
"1476",150,0.2255
"1477",150,0.2255
"1478",150,0.2255
"1479",150,0.2255
"1480",150,0.2255
"1481",150,0.2255
"1482",150,0.2255
"1483",150,0.2255
"1484",150,0.2255
"1485",150,0.2255
"1486",150,0.2255
"1487",150,0.2255
"1488",150,0.2255
"1489",150,0.2255
"1490",150,0.2255
"1491",150,0.2255
"1492",217,0.3
"1493",150,0.2255
"1494",150,0.2255
"1495",150,0.2255
"1496",150,0.2255
"1497",150,0.2255
"1498",150,0.2255
"1499",150,0.2255
"1500",150,0.2255
"1501",150,0.2255
"1502",150,0.2255
"1503",150,0.2255
"1504",150,0.2255
"1505",150,0.2255
"1506",150,0.2255
"1507",150,0.2255
"1508",150,0.2255
"1509",150,0.2255
"1510",150,0.2255
"1511",150,0.2255
"1512",150,0.2255
"1513",150,0.2255
"1514",150,0.2255
"1515",150,0.2255
"1516",150,0.2255
"1517",150,0.2255
"1518",150,0.2255
"1519",150,0.2255
"1520",150,0.2255
"1521",150,0.2255
"1522",150,0.2255
"1523",150,0.2255
"1524",150,0.2255
"1525",150,0.2255
"1526",150,0.2255
"1527",150,0.2255
"1528",150,0.2255
"1529",150,0.2255
"1530",150,0.2255
"1531",150,0.2255
"1532",150,0.2255
"1533",150,0.2255
"1534",151,0.1005
"1535",218,0.041
"1536",150,0.2255
"1537",150,0.2255
"1538",150,0.2255
"1539",150,0.2255
"1540",150,0.2255
"1541",150,0.2255
"1542",150,0.2255
"1543",150,0.2255
"1544",150,0.2255
"1545",150,0.2255
"1546",150,0.2255
"1547",150,0.2255
"1548",150,0.2255
"1549",150,0.2255
"1550",150,0.2255
"1551",150,0.2255
"1552",150,0.2255
"1553",150,0.2255
"1554",150,0.2255
"1555",150,0.2255
"1556",150,0.2255
"1557",150,0.2255
"1558",150,0.2255
"1559",150,0.2255
"1560",150,0.2255
"1561",150,0.2255
"1562",150,0.2255
"1563",219,0.103
"1564",151,0.1005
"1565",150,0.2255
"1566",220,0.0325
"1567",221,0.0405
"1568",221,0.0405
"1569",222,0.017
"1570",223,0.0435
"1571",223,0.0435
"1572",223,0.0435
"1573",223,0.0435
"1574",224,0.0515
"1575",224,0.0515
"1576",224,0.0515
"1577",225,0.2475
"1578",226,1
"1579",227,0.3475
"1580",NA,NA
"1581",NA,NA
"1582",NA,NA
"1583",NA,NA
"1584",NA,NA
"1585",NA,NA
"1586",NA,NA
"1587",NA,NA
"1588",NA,NA
"1589",NA,NA
"1590",NA,NA
"1591",NA,NA
"1592",228,1
"1593",229,0.4965
"1594",229,0.4965
"1595",230,1
"1596",231,0.501
"1597",232,1
"1598",233,0.378
"1599",233,0.378
"1600",NA,NA
"1601",NA,NA
"1602",234,1
"1603",234,1
"1604",235,0.111
"1605",236,0.2915
"1606",237,0.261
"1607",237,0.261
"1608",238,0.1325
"1609",238,0.1325
"1610",238,0.1325
"1611",239,0.3605
"1612",239,0.3605
"1613",239,0.3605
"1614",239,0.3605
"1615",239,0.3605
"1616",239,0.3605
"1617",239,0.3605
"1618",239,0.3605
"1619",239,0.3605
"1620",239,0.3605
"1621",239,0.3605
"1622",239,0.3605
"1623",239,0.3605
"1624",239,0.3605
"1625",239,0.3605
"1626",239,0.3605
"1627",239,0.3605
"1628",239,0.3605
"1629",239,0.3605
"1630",239,0.3605
"1631",239,0.3605
"1632",239,0.3605
"1633",239,0.3605
"1634",240,1
"1635",240,1
"1636",240,1
"1637",240,1
"1638",241,0.424
"1639",241,0.424
"1640",241,0.424
"1641",241,0.424
"1642",241,0.424
"1643",241,0.424
"1644",241,0.424
"1645",241,0.424
"1646",241,0.424
"1647",241,0.424
"1648",241,0.424
"1649",241,0.424
"1650",241,0.424
"1651",241,0.424
"1652",241,0.424
"1653",241,0.424
"1654",241,0.424
"1655",241,0.424
"1656",241,0.424
"1657",241,0.424
"1658",241,0.424
"1659",242,0.4205
"1660",243,0.32
"1661",243,0.32
"1662",243,0.32
"1663",243,0.32
"1664",244,0.22
"1665",244,0.22
"1666",244,0.22
"1667",244,0.22
"1668",245,1
"1669",246,1
"1670",247,0.449
"1671",246,1
"1672",248,0.372
"1673",249,0.3455
"1674",250,0.1905
"1675",250,0.1905
"1676",250,0.1905
"1677",250,0.1905
"1678",250,0.1905
"1679",250,0.1905
"1680",251,0.098
"1681",251,0.098
"1682",252,0.091
"1683",252,0.091
"1684",252,0.091
"1685",252,0.091
"1686",252,0.091
"1687",252,0.091
"1688",253,0.2555
"1689",253,0.2555
"1690",253,0.2555
"1691",253,0.2555
"1692",253,0.2555
"1693",253,0.2555
"1694",253,0.2555
"1695",253,0.2555
"1696",253,0.2555
"1697",253,0.2555
"1698",253,0.2555
"1699",254,0.0945
"1700",254,0.0945
"1701",254,0.0945
"1702",254,0.0945
"1703",255,0.056
"1704",255,0.056
"1705",255,0.056
"1706",255,0.056
"1707",255,0.056
"1708",255,0.056
"1709",255,0.056
"1710",255,0.056
"1711",255,0.056
"1712",255,0.056
"1713",255,0.056
"1714",255,0.056
"1715",255,0.056
"1716",255,0.056
"1717",255,0.056
"1718",255,0.056
"1719",255,0.056
"1720",255,0.056
"1721",255,0.056
"1722",256,0.1875
"1723",NA,NA
"1724",NA,NA
"1725",NA,NA
"1726",NA,NA
"1727",NA,NA
"1728",257,0.0865
"1729",NA,NA
"1730",NA,NA
"1731",NA,NA
"1732",NA,NA
"1733",NA,NA
"1734",NA,NA
"1735",NA,NA
"1736",258,1
"1737",258,1
"1738",258,1
"1739",258,1
"1740",258,1
"1741",258,1
"1742",258,1
"1743",258,1
"1744",258,1
"1745",258,1
"1746",258,1
"1747",258,1
"1748",259,0.316
"1749",259,0.316
"1750",259,0.316
"1751",259,0.316
"1752",259,0.316
"1753",259,0.316
"1754",259,0.316
"1755",260,1
"1756",260,1
"1757",260,1
"1758",260,1
"1759",260,1
"1760",260,1
"1761",260,1
"1762",260,1
"1763",260,1
"1764",260,1
"1765",260,1
"1766",260,1
"1767",260,1
"1768",260,1
"1769",260,1
"1770",260,1
"1771",260,1
"1772",261,1
"1773",262,1
"1774",262,1
"1775",262,1
"1776",262,1
"1777",262,1
"1778",262,1
"1779",262,1
"1780",262,1
"1781",262,1
"1782",262,1
"1783",262,1
"1784",262,1
"1785",262,1
"1786",262,1
"1787",262,1
"1788",263,1
"1789",263,1
"1790",264,0.2065
"1791",264,0.2065
"1792",264,0.2065
"1793",264,0.2065
"1794",264,0.2065
"1795",264,0.2065
"1796",265,0.1795
"1797",266,0.115
"1798",267,0.4095
"1799",NA,NA
"1800",NA,NA
"1801",267,0.4095
"1802",268,0.3505
"1803",268,0.3505
"1804",269,0.2655
"1805",270,0.42
"1806",271,1
"1807",271,1
"1808",271,1
"1809",271,1
"1810",272,0.412
"1811",272,0.412
"1812",272,0.412
"1813",272,0.412
"1814",272,0.412
"1815",273,1
"1816",273,1
"1817",273,1
"1818",273,1
"1819",273,1
"1820",273,1
"1821",273,1
"1822",273,1
"1823",273,1
"1824",273,1
"1825",273,1
"1826",273,1
"1827",273,1
"1828",273,1
"1829",274,0.454
"1830",275,0.506
"1831",275,0.506
"1832",275,0.506
"1833",276,0.531
"1834",277,0.506
"1835",278,0.502
"1836",278,0.502
"1837",278,0.502
"1838",278,0.502
"1839",278,0.502
"1840",279,0.543
"1841",280,0.562
"1842",280,0.562
"1843",281,0.477
"1844",282,1
"1845",283,0.438
"1846",283,0.438
"1847",283,0.438
"1848",283,0.438
"1849",283,0.438
"1850",283,0.438
"1851",283,0.438
"1852",283,0.438
"1853",283,0.438
"1854",283,0.438
"1855",283,0.438
"1856",284,0.545
"1857",284,0.545
"1858",284,0.545
"1859",284,0.545
"1860",284,0.545
"1861",284,0.545
"1862",284,0.545
"1863",284,0.545
"1864",285,0.4845
"1865",286,1
"1866",287,1
"1867",288,1
"1868",288,1
"1869",288,1
"1870",289,0.4495
"1871",290,1
"1872",291,1
"1873",291,1
"1874",292,1
"1875",293,0.4335
"1876",293,0.4335
"1877",293,0.4335
"1878",293,0.4335
"1879",294,1
"1880",294,1
"1881",294,1
"1882",294,1
"1883",295,1
"1884",294,1
"1885",294,1
"1886",294,1
"1887",296,1
"1888",296,1
"1889",296,1
"1890",296,1
"1891",296,1
"1892",296,1
"1893",297,0.476
"1894",297,0.476
"1895",296,1
"1896",296,1
"1897",296,1
"1898",296,1
"1899",298,1
"1900",297,0.476
"1901",297,0.476
"1902",297,0.476
"1903",297,0.476
"1904",299,0.4615
"1905",299,0.4615
"1906",300,1
"1907",299,0.4615
"1908",301,0.504
"1909",301,0.504
"1910",301,0.504
"1911",301,0.504
"1912",301,0.504
"1913",301,0.504
"1914",301,0.504
"1915",301,0.504
"1916",301,0.504
"1917",301,0.504
"1918",301,0.504
"1919",302,1
"1920",302,1
"1921",303,1
"1922",303,1
"1923",303,1
"1924",303,1
"1925",302,1
"1926",302,1
"1927",304,1
"1928",305,1
"1929",306,1
"1930",307,1
"1931",308,1
"1932",309,1
"1933",NA,NA
"1934",NA,NA
"1935",NA,NA
"1936",NA,NA
"1937",NA,NA
"1938",NA,NA
"1939",NA,NA
"1940",NA,NA
"1941",NA,NA
"1942",310,1
"1943",310,1
"1944",310,1
"1945",310,1
"1946",310,1
"1947",311,0.432
"1948",311,0.432
"1949",NA,NA
"1950",NA,NA
"1951",NA,NA
"1952",NA,NA
"1953",NA,NA
"1954",NA,NA
"1955",NA,NA
"1956",312,1
"1957",313,0.389
"1958",314,1
"1959",314,1
"1960",314,1
"1961",314,1
"1962",314,1
"1963",314,1
"1964",314,1
"1965",314,1
"1966",315,1
"1967",316,0.46
"1968",316,0.46
"1969",316,0.46
"1970",316,0.46
"1971",316,0.46
"1972",316,0.46
"1973",316,0.46
"1974",316,0.46
"1975",316,0.46
"1976",316,0.46
"1977",316,0.46
"1978",316,0.46
"1979",316,0.46
"1980",316,0.46
"1981",316,0.46
"1982",316,0.46
"1983",316,0.46
"1984",316,0.46
"1985",316,0.46
"1986",316,0.46
"1987",316,0.46
"1988",316,0.46
"1989",316,0.46
"1990",316,0.46
"1991",316,0.46
"1992",316,0.46
"1993",316,0.46
"1994",316,0.46
"1995",316,0.46
"1996",316,0.46
"1997",316,0.46
"1998",316,0.46
"1999",316,0.46
"2000",316,0.46
"2001",317,1
"2002",318,1
"2003",318,1
"2004",318,1
"2005",318,1
"2006",319,1
"2007",320,0.412
"2008",321,1
"2009",321,1
"2010",321,1
"2011",321,1
"2012",322,1
"2013",323,1
"2014",322,1
"2015",322,1
"2016",322,1
"2017",324,1
"2018",325,1
"2019",325,1
"2020",325,1
"2021",325,1
"2022",325,1
"2023",326,1
"2024",326,1
"2025",327,1
"2026",327,1
"2027",328,1
"2028",328,1
"2029",329,0.4165
"2030",329,0.4165
"2031",329,0.4165
"2032",328,1
"2033",328,1
"2034",328,1
"2035",330,1
"2036",331,1
"2037",332,1
"2038",333,0.386
"2039",333,0.386
"2040",333,0.386
"2041",333,0.386
"2042",333,0.386
"2043",333,0.386
"2044",333,0.386
"2045",334,1
"2046",335,0.4305
"2047",336,0.3655
"2048",337,0.3285
"2049",337,0.3285
"2050",338,0.404
"2051",338,0.404
"2052",339,0.423
"2053",340,0.302
"2054",340,0.302
"2055",340,0.302
"2056",340,0.302
"2057",340,0.302
"2058",341,0.3275
"2059",342,1
"2060",342,1
"2061",343,0.2205
"2062",343,0.2205
"2063",343,0.2205
"2064",NA,NA
"2065",NA,NA
"2066",344,1
"2067",344,1
"2068",344,1
"2069",344,1
"2070",344,1
"2071",344,1
"2072",344,1
"2073",344,1
"2074",344,1
"2075",344,1
"2076",344,1
"2077",344,1
"2078",344,1
"2079",345,0.175
"2080",345,0.175
"2081",345,0.175
"2082",346,1
"2083",346,1
"2084",346,1
"2085",347,1
"2086",347,1
"2087",347,1
"2088",347,1
"2089",347,1
"2090",347,1
"2091",347,1
"2092",347,1
"2093",347,1
"2094",347,1
"2095",347,1
"2096",347,1
"2097",347,1
"2098",347,1
"2099",347,1
"2100",347,1
"2101",348,1
"2102",348,1
"2103",349,1
"2104",350,1
"2105",351,1
"2106",352,1
"2107",352,1
"2108",353,0.273
"2109",353,0.273
"2110",353,0.273
"2111",353,0.273
"2112",353,0.273
"2113",354,1
"2114",355,0.2775
"2115",356,0.4635
"2116",355,0.2775
"2117",357,0.171
"2118",357,0.171
"2119",357,0.171
"2120",357,0.171
"2121",357,0.171
"2122",357,0.171
"2123",357,0.171
"2124",357,0.171
"2125",358,0.264
"2126",357,0.171
"2127",357,0.171
"2128",357,0.171
"2129",357,0.171
"2130",359,0.3545
"2131",359,0.3545
"2132",359,0.3545
"2133",359,0.3545
"2134",360,0.319
"2135",360,0.319
"2136",360,0.319
"2137",360,0.319
"2138",360,0.319
"2139",360,0.319
"2140",360,0.319
"2141",361,0.3795
"2142",361,0.3795
"2143",360,0.319
"2144",360,0.319
"2145",360,0.319
"2146",360,0.319
"2147",360,0.319
"2148",360,0.319
"2149",360,0.319
"2150",360,0.319
"2151",360,0.319
"2152",360,0.319
"2153",360,0.319
"2154",360,0.319
"2155",360,0.319
"2156",360,0.319
"2157",362,0.129
"2158",362,0.129
"2159",362,0.129
"2160",363,0.266
"2161",364,0.202
"2162",364,0.202
"2163",364,0.202
"2164",364,0.202
"2165",365,0.149
"2166",365,0.149
"2167",365,0.149
"2168",365,0.149
"2169",365,0.149
"2170",365,0.149
"2171",365,0.149
"2172",366,0.18
"2173",367,0.123
"2174",368,0.1185
"2175",369,0.09
"2176",370,0.3265
"2177",370,0.3265
"2178",370,0.3265
"2179",NA,NA
"2180",NA,NA
"2181",NA,NA
"2182",NA,NA
"2183",371,0.352
"2184",372,0.283
"2185",372,0.283
"2186",372,0.283
"2187",372,0.283
"2188",372,0.283
"2189",372,0.283
"2190",372,0.283
"2191",372,0.283
"2192",373,0.171
"2193",374,0.2065
"2194",375,0.2135
"2195",376,1
"2196",376,1
"2197",377,1
"2198",378,1
"2199",378,1
"2200",377,1
"2201",378,1
"2202",378,1
"2203",378,1
"2204",378,1
"2205",378,1
"2206",378,1
"2207",378,1
"2208",378,1
"2209",378,1
"2210",378,1
"2211",378,1
"2212",378,1
"2213",379,1
"2214",379,1
"2215",379,1
"2216",380,0.3395
"2217",380,0.3395
"2218",380,0.3395
"2219",380,0.3395
"2220",380,0.3395
"2221",380,0.3395
"2222",380,0.3395
"2223",381,1
"2224",382,0.256
"2225",383,0.3265
"2226",383,0.3265
"2227",383,0.3265
"2228",383,0.3265
"2229",383,0.3265
"2230",383,0.3265
"2231",383,0.3265
"2232",383,0.3265
"2233",383,0.3265
"2234",383,0.3265
"2235",384,1
"2236",384,1
"2237",384,1
"2238",384,1
"2239",384,1
"2240",385,1
"2241",385,1
"2242",385,1
"2243",385,1
"2244",385,1
"2245",385,1
"2246",385,1
"2247",385,1
"2248",385,1
"2249",385,1
"2250",385,1
"2251",385,1
"2252",385,1
"2253",385,1
"2254",385,1
"2255",385,1
"2256",385,1
"2257",385,1
"2258",385,1
"2259",385,1
"2260",385,1
"2261",385,1
"2262",385,1
"2263",385,1
"2264",385,1
"2265",385,1
"2266",385,1
"2267",385,1
"2268",385,1
"2269",386,1
"2270",386,1
"2271",387,1
"2272",387,1
"2273",NA,NA
"2274",NA,NA
"2275",387,1
"2276",388,0.2995
"2277",389,0.337
"2278",389,0.337
"2279",389,0.337
"2280",390,1
"2281",391,0.3325
"2282",391,0.3325
"2283",391,0.3325
"2284",392,0.269
"2285",392,0.269
"2286",392,0.269
"2287",392,0.269
"2288",392,0.269
"2289",393,1
"2290",393,1
"2291",394,1
"2292",NA,NA
"2293",NA,NA
"2294",NA,NA
"2295",395,1
"2296",NA,NA
"2297",396,0.2435
"2298",NA,NA
"2299",NA,NA
"2300",NA,NA
"2301",NA,NA
"2302",NA,NA
"2303",NA,NA
"2304",NA,NA
"2305",NA,NA
"2306",NA,NA
"2307",397,0.3765
"2308",398,1
"2309",399,0.419
"2310",400,0.4525
"2311",400,0.4525
"2312",400,0.4525
"2313",401,0.388
"2314",402,0.195
"2315",403,0.1975
"2316",403,0.1975
"2317",403,0.1975
"2318",404,0.331
"2319",404,0.331
"2320",404,0.331
"2321",404,0.331
"2322",405,0.3185
"2323",406,0.3585
"2324",407,0.435
"2325",NA,NA
"2326",NA,NA
"2327",NA,NA
"2328",408,0.3355
"2329",NA,NA
"2330",NA,NA
"2331",409,0.2735
"2332",410,0.083
"2333",411,0.067
"2334",NA,NA
"2335",NA,NA
"2336",412,0.205
"2337",413,0.0155
"2338",414,0.0055
"2339",414,0.0055
"2340",415,0.035
"2341",416,0.0335
"2342",416,0.0335
"2343",416,0.0335
"2344",416,0.0335
"2345",416,0.0335
"2346",416,0.0335
"2347",416,0.0335
"2348",416,0.0335
"2349",416,0.0335
"2350",416,0.0335
"2351",416,0.0335
"2352",414,0.0055
"2353",417,0.0345
"2354",418,0.047
"2355",418,0.047
"2356",418,0.047
"2357",419,0.0165
"2358",419,0.0165
"2359",420,0.0375
"2360",420,0.0375
"2361",420,0.0375
"2362",420,0.0375
"2363",420,0.0375
"2364",420,0.0375
"2365",420,0.0375
"2366",420,0.0375
"2367",420,0.0375
"2368",420,0.0375
"2369",420,0.0375
"2370",420,0.0375
"2371",420,0.0375
"2372",420,0.0375
"2373",420,0.0375
"2374",421,0.063
"2375",420,0.0375
"2376",420,0.0375
"2377",420,0.0375
"2378",420,0.0375
"2379",420,0.0375
"2380",420,0.0375
"2381",420,0.0375
"2382",420,0.0375
"2383",420,0.0375
"2384",420,0.0375
"2385",422,0.0315
"2386",420,0.0375
"2387",420,0.0375
"2388",420,0.0375
"2389",420,0.0375
"2390",420,0.0375
"2391",420,0.0375
"2392",420,0.0375
"2393",420,0.0375
"2394",420,0.0375
"2395",420,0.0375
"2396",420,0.0375
"2397",420,0.0375
"2398",423,0.0415
"2399",423,0.0415
"2400",423,0.0415
"2401",423,0.0415
"2402",423,0.0415
"2403",423,0.0415
"2404",423,0.0415
"2405",423,0.0415
"2406",423,0.0415
"2407",423,0.0415
"2408",423,0.0415
"2409",423,0.0415
"2410",423,0.0415
"2411",423,0.0415
"2412",423,0.0415
"2413",423,0.0415
"2414",423,0.0415
"2415",423,0.0415
"2416",423,0.0415
"2417",423,0.0415
"2418",423,0.0415
"2419",423,0.0415
"2420",423,0.0415
"2421",423,0.0415
"2422",423,0.0415
"2423",423,0.0415
"2424",424,0.0795
"2425",424,0.0795
"2426",424,0.0795
"2427",425,0.076
"2428",426,1
"2429",427,0.0455
"2430",427,0.0455
"2431",428,0.061
"2432",428,0.061
"2433",429,0.064
"2434",429,0.064
"2435",430,0.2375
"2436",430,0.2375
"2437",430,0.2375
"2438",431,1
"2439",430,0.2375
"2440",430,0.2375
"2441",430,0.2375
"2442",430,0.2375
"2443",430,0.2375
"2444",430,0.2375
"2445",430,0.2375
"2446",430,0.2375
"2447",430,0.2375
"2448",430,0.2375
"2449",430,0.2375
"2450",430,0.2375
"2451",430,0.2375
"2452",430,0.2375
"2453",430,0.2375
"2454",430,0.2375
"2455",430,0.2375
"2456",432,0.034
"2457",432,0.034
"2458",433,1
"2459",433,1
"2460",433,1
"2461",433,1
"2462",433,1
"2463",433,1
"2464",433,1
"2465",433,1
"2466",433,1
"2467",433,1
"2468",434,0.165
"2469",434,0.165
"2470",434,0.165
"2471",434,0.165
"2472",434,0.165
"2473",435,1
"2474",435,1
"2475",435,1
"2476",435,1
"2477",435,1
"2478",435,1
"2479",435,1
"2480",435,1
"2481",436,1
"2482",436,1
"2483",436,1
"2484",436,1
"2485",436,1
"2486",436,1
"2487",436,1
"2488",436,1
"2489",436,1
"2490",436,1
"2491",436,1
"2492",436,1
"2493",436,1
"2494",436,1
"2495",436,1
"2496",436,1
"2497",436,1
"2498",436,1
"2499",436,1
"2500",436,1
"2501",437,1
"2502",437,1
"2503",NA,NA
"2504",NA,NA
"2505",NA,NA
"2506",437,1
"2507",437,1
"2508",437,1
"2509",438,0.331
"2510",437,1
"2511",437,1
"2512",437,1
"2513",437,1
"2514",437,1
"2515",437,1
"2516",437,1
"2517",437,1
"2518",437,1
"2519",437,1
"2520",437,1
"2521",437,1
"2522",437,1
"2523",437,1
"2524",437,1
"2525",437,1
"2526",437,1
"2527",437,1
"2528",437,1
"2529",437,1
"2530",437,1
"2531",437,1
"2532",437,1
"2533",437,1
"2534",437,1
"2535",437,1
"2536",437,1
"2537",439,1
"2538",440,0.2225
"2539",441,0.2115
"2540",442,1
"2541",443,1
"2542",443,1
"2543",444,1
"2544",444,1
"2545",445,0.535
"2546",445,0.535
"2547",446,0.5545
"2548",447,0.569
"2549",448,0.5345
"2550",448,0.5345
"2551",448,0.5345
"2552",449,0.432
"2553",450,0.49
"2554",450,0.49
"2555",451,0.3385
"2556",452,0.442
"2557",452,0.442
"2558",452,0.442
"2559",452,0.442
"2560",452,0.442
"2561",452,0.442
"2562",452,0.442
"2563",452,0.442
"2564",452,0.442
"2565",453,1
"2566",454,0.3255
"2567",455,1
"2568",455,1
"2569",455,1
"2570",455,1
"2571",455,1
"2572",455,1
"2573",455,1
"2574",456,1
"2575",456,1
"2576",456,1
"2577",456,1
"2578",457,1
"2579",458,1
"2580",458,1
"2581",459,1
"2582",459,1
"2583",459,1
"2584",459,1
"2585",459,1
"2586",459,1
"2587",459,1
"2588",459,1
"2589",459,1
"2590",459,1
"2591",459,1
"2592",459,1
"2593",459,1
"2594",459,1
"2595",459,1
"2596",459,1
"2597",459,1
"2598",459,1
"2599",459,1
"2600",459,1
"2601",459,1
"2602",459,1
"2603",459,1
"2604",459,1
"2605",459,1
"2606",459,1
"2607",459,1
"2608",459,1
"2609",459,1
"2610",459,1
"2611",459,1
"2612",459,1
"2613",459,1
"2614",459,1
"2615",459,1
"2616",459,1
"2617",459,1
"2618",459,1
"2619",459,1
"2620",459,1
"2621",459,1
"2622",459,1
"2623",459,1
"2624",459,1
"2625",459,1
"2626",459,1
"2627",459,1
"2628",459,1
"2629",459,1
"2630",459,1
"2631",459,1
"2632",459,1
"2633",459,1
"2634",459,1
"2635",459,1
"2636",459,1
"2637",459,1
"2638",459,1
"2639",459,1
"2640",459,1
"2641",459,1
"2642",459,1
"2643",459,1
"2644",459,1
"2645",459,1
"2646",459,1
"2647",459,1
"2648",459,1
"2649",459,1
"2650",459,1
"2651",460,1
"2652",460,1
"2653",460,1
"2654",460,1
"2655",460,1
"2656",460,1
"2657",460,1
"2658",460,1
"2659",460,1
"2660",460,1
"2661",460,1
"2662",460,1
"2663",460,1
"2664",460,1
"2665",460,1
"2666",460,1
"2667",460,1
"2668",460,1
"2669",460,1
"2670",461,0.254
"2671",462,0.3645
"2672",462,0.3645
"2673",462,0.3645
"2674",462,0.3645
"2675",463,1
"2676",464,0.508
"2677",464,0.508
"2678",465,0.361
"2679",465,0.361
"2680",465,0.361
"2681",466,0.4045
"2682",466,0.4045
"2683",466,0.4045
"2684",466,0.4045
"2685",466,0.4045
"2686",466,0.4045
"2687",466,0.4045
"2688",466,0.4045
"2689",466,0.4045
"2690",466,0.4045
"2691",466,0.4045
"2692",466,0.4045
"2693",466,0.4045
"2694",466,0.4045
"2695",466,0.4045
"2696",466,0.4045
"2697",466,0.4045
"2698",466,0.4045
"2699",466,0.4045
"2700",466,0.4045
"2701",466,0.4045
"2702",466,0.4045
"2703",466,0.4045
"2704",466,0.4045
"2705",466,0.4045
"2706",466,0.4045
"2707",466,0.4045
"2708",466,0.4045
"2709",466,0.4045
"2710",466,0.4045
"2711",466,0.4045
"2712",466,0.4045
"2713",466,0.4045
"2714",466,0.4045
"2715",466,0.4045
"2716",466,0.4045
"2717",466,0.4045
"2718",467,1
"2719",467,1
"2720",467,1
"2721",468,1
"2722",469,0.156
"2723",469,0.156
"2724",469,0.156
"2725",469,0.156
"2726",469,0.156
"2727",469,0.156
"2728",469,0.156
"2729",469,0.156
"2730",469,0.156
"2731",469,0.156
"2732",469,0.156
"2733",469,0.156
"2734",469,0.156
"2735",469,0.156
"2736",469,0.156
"2737",469,0.156
"2738",469,0.156
"2739",469,0.156
"2740",469,0.156
"2741",469,0.156
"2742",469,0.156
"2743",469,0.156
"2744",469,0.156
"2745",469,0.156
"2746",469,0.156
"2747",469,0.156
"2748",469,0.156
"2749",469,0.156
"2750",469,0.156
"2751",469,0.156
"2752",469,0.156
"2753",469,0.156
"2754",469,0.156
"2755",469,0.156
"2756",469,0.156
"2757",470,1
"2758",470,1
"2759",471,1
"2760",472,0.297
"2761",472,0.297
"2762",472,0.297
"2763",472,0.297
"2764",472,0.297
"2765",472,0.297
"2766",472,0.297
"2767",472,0.297
"2768",472,0.297
"2769",472,0.297
"2770",472,0.297
"2771",472,0.297
"2772",472,0.297
"2773",472,0.297
"2774",472,0.297
"2775",472,0.297
"2776",473,0.2585
"2777",473,0.2585
"2778",473,0.2585
"2779",473,0.2585
"2780",474,1
"2781",474,1
"2782",474,1
"2783",474,1
"2784",474,1
"2785",474,1
"2786",474,1
"2787",474,1
"2788",474,1
"2789",474,1
"2790",475,0.4365
"2791",476,0.255
"2792",476,0.255
"2793",476,0.255
"2794",476,0.255
"2795",476,0.255
"2796",476,0.255
"2797",476,0.255
"2798",476,0.255
"2799",476,0.255
"2800",476,0.255
"2801",476,0.255
"2802",476,0.255
"2803",476,0.255
"2804",476,0.255
"2805",476,0.255
"2806",476,0.255
"2807",476,0.255
"2808",476,0.255
"2809",476,0.255
"2810",476,0.255
"2811",476,0.255
"2812",476,0.255
"2813",476,0.255
"2814",476,0.255
"2815",476,0.255
"2816",476,0.255
"2817",476,0.255
"2818",476,0.255
"2819",476,0.255
"2820",476,0.255
"2821",476,0.255
"2822",476,0.255
"2823",476,0.255
"2824",477,0.2685
"2825",478,1
"2826",476,0.255
"2827",476,0.255
"2828",476,0.255
"2829",476,0.255
"2830",476,0.255
"2831",476,0.255
"2832",476,0.255
"2833",476,0.255
"2834",476,0.255
"2835",476,0.255
"2836",476,0.255
"2837",476,0.255
"2838",479,0.3245
"2839",479,0.3245
"2840",479,0.3245
"2841",479,0.3245
"2842",479,0.3245
"2843",479,0.3245
"2844",480,1
"2845",481,0.3375
"2846",482,0.37
"2847",481,0.3375
"2848",483,0.276
"2849",484,0.3025
"2850",484,0.3025
"2851",484,0.3025
"2852",485,0.2575
"2853",486,0.2955
"2854",486,0.2955
"2855",486,0.2955
"2856",486,0.2955
"2857",486,0.2955
"2858",486,0.2955
"2859",486,0.2955
"2860",486,0.2955
"2861",486,0.2955
"2862",487,0.2125
"2863",487,0.2125
"2864",487,0.2125
"2865",487,0.2125
"2866",487,0.2125
"2867",487,0.2125
"2868",488,0.4135
"2869",489,0.538
"2870",490,0.301
"2871",491,0.488
"2872",NA,NA
"2873",NA,NA
"2874",NA,NA
"2875",492,1
"2876",493,0.426
"2877",494,1
"2878",495,0.3675
"2879",NA,NA
"2880",NA,NA
"2881",NA,NA
"2882",NA,NA
"2883",NA,NA
"2884",496,1
"2885",497,0.33
"2886",498,1
"2887",498,1
"2888",498,1
"2889",499,0.159
"2890",500,0.1805
"2891",500,0.1805
"2892",500,0.1805
"2893",500,0.1805
"2894",500,0.1805
"2895",500,0.1805
"2896",501,0.3465
"2897",501,0.3465
"2898",501,0.3465
"2899",501,0.3465
"2900",501,0.3465
"2901",501,0.3465
"2902",501,0.3465
"2903",501,0.3465
"2904",501,0.3465
"2905",501,0.3465
"2906",501,0.3465
"2907",501,0.3465
"2908",502,0.08
"2909",503,0.146
"2910",504,0.0655
"2911",505,0.231
"2912",505,0.231
"2913",505,0.231
"2914",505,0.231
"2915",506,0.3905
"2916",506,0.3905
"2917",506,0.3905
"2918",506,0.3905
"2919",506,0.3905
"2920",506,0.3905
"2921",506,0.3905
"2922",507,0.294
"2923",507,0.294
"2924",507,0.294
"2925",507,0.294
"2926",508,1
"2927",508,1
"2928",508,1
"2929",508,1
"2930",508,1
"2931",508,1
"2932",508,1
"2933",508,1
"2934",508,1
"2935",508,1
"2936",508,1
"2937",508,1
"2938",508,1
"2939",508,1
"2940",508,1
"2941",508,1
"2942",508,1
"2943",508,1
"2944",508,1
"2945",508,1
"2946",508,1
"2947",508,1
"2948",508,1
"2949",508,1
"2950",508,1
"2951",508,1
"2952",508,1
"2953",508,1
"2954",509,0.164
"2955",509,0.164
"2956",510,0.297
"2957",510,0.297
"2958",511,1
"2959",510,0.297
"2960",510,0.297
"2961",510,0.297
"2962",510,0.297
"2963",510,0.297
"2964",510,0.297
"2965",510,0.297
"2966",510,0.297
"2967",510,0.297
"2968",510,0.297
"2969",510,0.297
"2970",510,0.297
"2971",510,0.297
"2972",510,0.297
"2973",512,0.1875
"2974",512,0.1875
"2975",512,0.1875
"2976",512,0.1875
"2977",512,0.1875
"2978",512,0.1875
"2979",512,0.1875
"2980",512,0.1875
"2981",513,0.265
"2982",513,0.265
"2983",513,0.265
"2984",513,0.265
"2985",513,0.265
"2986",513,0.265
"2987",513,0.265
"2988",513,0.265
"2989",513,0.265
"2990",513,0.265
"2991",513,0.265
"2992",513,0.265
"2993",NA,NA
"2994",NA,NA
"2995",513,0.265
"2996",513,0.265
"2997",513,0.265
"2998",513,0.265
"2999",514,1
"3000",513,0.265
"3001",513,0.265
"3002",513,0.265
"3003",513,0.265
"3004",513,0.265
"3005",513,0.265
"3006",513,0.265
"3007",515,0.309
"3008",515,0.309
"3009",515,0.309
"3010",515,0.309
"3011",515,0.309
"3012",515,0.309
"3013",515,0.309
"3014",515,0.309
"3015",515,0.309
"3016",516,0.5115
"3017",516,0.5115
"3018",517,0.3935
"3019",517,0.3935
"3020",518,1
"3021",517,0.3935
"3022",517,0.3935
"3023",517,0.3935
"3024",519,0.244
"3025",519,0.244
"3026",520,0.5215
"3027",520,0.5215
"3028",520,0.5215
"3029",521,0.542
"3030",522,0.3525
"3031",522,0.3525
"3032",522,0.3525
"3033",522,0.3525
"3034",522,0.3525
"3035",522,0.3525
"3036",522,0.3525
"3037",522,0.3525
"3038",522,0.3525
"3039",522,0.3525
"3040",522,0.3525
"3041",522,0.3525
"3042",523,1
"3043",524,0.2745
"3044",524,0.2745
"3045",524,0.2745
"3046",524,0.2745
"3047",525,0.3025
"3048",525,0.3025
"3049",525,0.3025
"3050",525,0.3025
"3051",525,0.3025
"3052",526,0.2105
"3053",526,0.2105
"3054",526,0.2105
"3055",526,0.2105
"3056",526,0.2105
"3057",526,0.2105
"3058",526,0.2105
"3059",526,0.2105
"3060",526,0.2105
"3061",526,0.2105
"3062",526,0.2105
"3063",526,0.2105
"3064",526,0.2105
"3065",526,0.2105
"3066",526,0.2105
"3067",526,0.2105
"3068",526,0.2105
"3069",526,0.2105
"3070",526,0.2105
"3071",526,0.2105
"3072",526,0.2105
"3073",526,0.2105
"3074",526,0.2105
"3075",526,0.2105
"3076",526,0.2105
"3077",526,0.2105
"3078",526,0.2105
"3079",526,0.2105
"3080",526,0.2105
"3081",526,0.2105
"3082",527,0.3715
"3083",527,0.3715
"3084",527,0.3715
"3085",527,0.3715
"3086",527,0.3715
"3087",527,0.3715
"3088",527,0.3715
"3089",527,0.3715
"3090",527,0.3715
"3091",527,0.3715
"3092",527,0.3715
"3093",527,0.3715
"3094",527,0.3715
"3095",527,0.3715
"3096",528,0.2605
"3097",529,0.3715
"3098",529,0.3715
"3099",529,0.3715
"3100",529,0.3715
"3101",529,0.3715
"3102",529,0.3715
"3103",529,0.3715
"3104",529,0.3715
"3105",529,0.3715
"3106",529,0.3715
"3107",529,0.3715
"3108",529,0.3715
"3109",529,0.3715
"3110",529,0.3715
"3111",529,0.3715
"3112",529,0.3715
"3113",529,0.3715
"3114",529,0.3715
"3115",529,0.3715
"3116",529,0.3715
"3117",529,0.3715
"3118",529,0.3715
"3119",529,0.3715
"3120",529,0.3715
"3121",529,0.3715
"3122",529,0.3715
"3123",529,0.3715
"3124",529,0.3715
"3125",529,0.3715
"3126",529,0.3715
"3127",529,0.3715
"3128",529,0.3715
"3129",529,0.3715
"3130",529,0.3715
"3131",529,0.3715
"3132",530,0.25
"3133",529,0.3715
"3134",529,0.3715
"3135",529,0.3715
"3136",529,0.3715
"3137",529,0.3715
"3138",529,0.3715
"3139",529,0.3715
"3140",529,0.3715
"3141",529,0.3715
"3142",529,0.3715
"3143",529,0.3715
"3144",529,0.3715
"3145",529,0.3715
"3146",529,0.3715
"3147",529,0.3715
"3148",529,0.3715
"3149",529,0.3715
"3150",529,0.3715
"3151",529,0.3715
"3152",529,0.3715
"3153",529,0.3715
"3154",529,0.3715
"3155",530,0.25
"3156",NA,NA
"3157",NA,NA
"3158",NA,NA
"3159",529,0.3715
"3160",529,0.3715
"3161",529,0.3715
"3162",529,0.3715
"3163",529,0.3715
"3164",529,0.3715
"3165",529,0.3715
"3166",529,0.3715
"3167",529,0.3715
"3168",529,0.3715
"3169",529,0.3715
"3170",529,0.3715
"3171",529,0.3715
"3172",529,0.3715
"3173",529,0.3715
"3174",529,0.3715
"3175",529,0.3715
"3176",529,0.3715
"3177",529,0.3715
"3178",529,0.3715
"3179",529,0.3715
"3180",529,0.3715
"3181",529,0.3715
"3182",529,0.3715
"3183",529,0.3715
"3184",529,0.3715
"3185",529,0.3715
"3186",529,0.3715
"3187",530,0.25
"3188",529,0.3715
"3189",529,0.3715
"3190",529,0.3715
"3191",529,0.3715
"3192",529,0.3715
"3193",529,0.3715
"3194",529,0.3715
"3195",529,0.3715
"3196",529,0.3715
"3197",529,0.3715
"3198",529,0.3715
"3199",529,0.3715
"3200",529,0.3715
"3201",529,0.3715
"3202",529,0.3715
"3203",529,0.3715
"3204",529,0.3715
"3205",529,0.3715
"3206",529,0.3715
"3207",529,0.3715
"3208",529,0.3715
"3209",529,0.3715
"3210",529,0.3715
"3211",529,0.3715
"3212",529,0.3715
"3213",529,0.3715
"3214",529,0.3715
"3215",529,0.3715
"3216",529,0.3715
"3217",529,0.3715
"3218",529,0.3715
"3219",529,0.3715
"3220",529,0.3715
"3221",529,0.3715
"3222",529,0.3715
"3223",529,0.3715
"3224",529,0.3715
"3225",529,0.3715
"3226",529,0.3715
"3227",529,0.3715
"3228",529,0.3715
"3229",529,0.3715
"3230",529,0.3715
"3231",529,0.3715
"3232",529,0.3715
"3233",529,0.3715
"3234",529,0.3715
"3235",529,0.3715
"3236",529,0.3715
"3237",529,0.3715
"3238",529,0.3715
"3239",529,0.3715
"3240",529,0.3715
"3241",529,0.3715
"3242",529,0.3715
"3243",529,0.3715
"3244",529,0.3715
"3245",529,0.3715
"3246",529,0.3715
"3247",529,0.3715
"3248",529,0.3715
"3249",529,0.3715
"3250",529,0.3715
"3251",529,0.3715
"3252",529,0.3715
"3253",529,0.3715
"3254",529,0.3715
"3255",529,0.3715
"3256",529,0.3715
"3257",529,0.3715
"3258",529,0.3715
"3259",529,0.3715
"3260",529,0.3715
"3261",529,0.3715
"3262",529,0.3715
"3263",529,0.3715
"3264",529,0.3715
"3265",529,0.3715
"3266",529,0.3715
"3267",529,0.3715
"3268",529,0.3715
"3269",529,0.3715
"3270",529,0.3715
"3271",529,0.3715
"3272",529,0.3715
"3273",529,0.3715
"3274",529,0.3715
"3275",529,0.3715
"3276",529,0.3715
"3277",529,0.3715
"3278",529,0.3715
"3279",529,0.3715
"3280",529,0.3715
"3281",529,0.3715
"3282",529,0.3715
"3283",529,0.3715
"3284",529,0.3715
"3285",529,0.3715
"3286",529,0.3715
"3287",529,0.3715
"3288",529,0.3715
"3289",529,0.3715
"3290",529,0.3715
"3291",529,0.3715
"3292",529,0.3715
"3293",529,0.3715
"3294",529,0.3715
"3295",529,0.3715
"3296",529,0.3715
"3297",529,0.3715
"3298",529,0.3715
"3299",529,0.3715
"3300",529,0.3715
"3301",529,0.3715
"3302",529,0.3715
"3303",529,0.3715
"3304",NA,NA
"3305",NA,NA
"3306",NA,NA
"3307",NA,NA
"3308",529,0.3715
"3309",529,0.3715
"3310",531,1
"3311",531,1
"3312",532,1
"3313",533,1
"3314",533,1
"3315",534,1
"3316",530,0.25
"3317",529,0.3715
"3318",529,0.3715
"3319",529,0.3715
"3320",529,0.3715
"3321",529,0.3715
"3322",529,0.3715
"3323",529,0.3715
"3324",529,0.3715
"3325",529,0.3715
"3326",529,0.3715
"3327",529,0.3715
"3328",529,0.3715
"3329",529,0.3715
"3330",529,0.3715
"3331",529,0.3715
"3332",529,0.3715
"3333",529,0.3715
"3334",529,0.3715
"3335",529,0.3715
"3336",529,0.3715
"3337",529,0.3715
"3338",529,0.3715
"3339",529,0.3715
"3340",529,0.3715
"3341",529,0.3715
"3342",529,0.3715
"3343",529,0.3715
"3344",NA,NA
"3345",NA,NA
"3346",NA,NA
"3347",529,0.3715
"3348",529,0.3715
"3349",529,0.3715
"3350",529,0.3715
"3351",529,0.3715
"3352",529,0.3715
"3353",529,0.3715
"3354",529,0.3715
"3355",529,0.3715
"3356",529,0.3715
"3357",529,0.3715
"3358",529,0.3715
"3359",529,0.3715
"3360",529,0.3715
"3361",529,0.3715
"3362",529,0.3715
"3363",529,0.3715
"3364",529,0.3715
"3365",529,0.3715
"3366",529,0.3715
"3367",529,0.3715
"3368",529,0.3715
"3369",535,0.2255
"3370",535,0.2255
"3371",535,0.2255
"3372",NA,NA
"3373",NA,NA
"3374",535,0.2255
"3375",535,0.2255
"3376",535,0.2255
"3377",535,0.2255
"3378",535,0.2255
"3379",535,0.2255
"3380",535,0.2255
"3381",535,0.2255
"3382",535,0.2255
"3383",535,0.2255
"3384",535,0.2255
"3385",535,0.2255
"3386",535,0.2255
"3387",535,0.2255
"3388",535,0.2255
"3389",535,0.2255
"3390",535,0.2255
"3391",535,0.2255
"3392",535,0.2255
"3393",535,0.2255
"3394",535,0.2255
"3395",535,0.2255
"3396",535,0.2255
"3397",535,0.2255
"3398",535,0.2255
"3399",536,1
"3400",535,0.2255
"3401",535,0.2255
"3402",535,0.2255
"3403",535,0.2255
"3404",535,0.2255
"3405",535,0.2255
"3406",535,0.2255
"3407",535,0.2255
"3408",535,0.2255
"3409",535,0.2255
"3410",535,0.2255
"3411",535,0.2255
"3412",535,0.2255
"3413",535,0.2255
"3414",535,0.2255
"3415",535,0.2255
"3416",535,0.2255
"3417",535,0.2255
"3418",535,0.2255
"3419",535,0.2255
"3420",537,1
"3421",537,1
"3422",537,1
"3423",538,1
"3424",538,1
"3425",538,1
"3426",538,1
"3427",538,1
"3428",538,1
"3429",538,1
"3430",538,1
"3431",538,1
"3432",538,1
"3433",538,1
"3434",538,1
"3435",538,1
"3436",538,1
"3437",538,1
"3438",538,1
"3439",538,1
"3440",538,1
"3441",539,0.205
"3442",539,0.205
"3443",539,0.205
"3444",539,0.205
"3445",538,1
"3446",540,0.236
"3447",540,0.236
"3448",540,0.236
"3449",540,0.236
"3450",540,0.236
"3451",540,0.236
"3452",540,0.236
"3453",540,0.236
"3454",540,0.236
"3455",540,0.236
"3456",540,0.236
"3457",540,0.236
"3458",540,0.236
"3459",540,0.236
"3460",540,0.236
"3461",540,0.236
"3462",540,0.236
"3463",540,0.236
"3464",540,0.236
"3465",540,0.236
"3466",540,0.236
"3467",540,0.236
"3468",540,0.236
"3469",540,0.236
"3470",540,0.236
"3471",540,0.236
"3472",540,0.236
"3473",540,0.236
"3474",540,0.236
"3475",540,0.236
"3476",540,0.236
"3477",540,0.236
"3478",540,0.236
"3479",541,0.194
"3480",541,0.194
"3481",541,0.194
"3482",542,0.212
"3483",542,0.212
"3484",542,0.212
"3485",542,0.212
"3486",542,0.212
"3487",542,0.212
"3488",542,0.212
"3489",542,0.212
"3490",542,0.212
"3491",542,0.212
"3492",543,1
"3493",542,0.212
"3494",542,0.212
"3495",542,0.212
"3496",542,0.212
"3497",542,0.212
"3498",NA,NA
"3499",NA,NA
"3500",NA,NA
"3501",NA,NA
"3502",542,0.212
"3503",544,0.18
"3504",544,0.18
"3505",544,0.18
"3506",544,0.18
"3507",545,0.3285
"3508",545,0.3285
"3509",545,0.3285
"3510",545,0.3285
"3511",545,0.3285
"3512",545,0.3285
"3513",545,0.3285
"3514",545,0.3285
"3515",545,0.3285
"3516",545,0.3285
"3517",545,0.3285
"3518",545,0.3285
"3519",545,0.3285
"3520",545,0.3285
"3521",545,0.3285
"3522",545,0.3285
"3523",545,0.3285
"3524",545,0.3285
"3525",NA,NA
"3526",NA,NA
"3527",NA,NA
"3528",NA,NA
"3529",NA,NA
"3530",NA,NA
"3531",NA,NA
"3532",NA,NA
"3533",546,0.2505
"3534",NA,NA
"3535",NA,NA
"3536",NA,NA
"3537",NA,NA
"3538",NA,NA
"3539",NA,NA
"3540",547,0.379
"3541",547,0.379
"3542",547,0.379
"3543",548,0.4815
"3544",549,1
"3545",549,1
"3546",549,1
"3547",549,1
"3548",549,1
"3549",550,1
"3550",550,1
"3551",550,1
"3552",550,1
"3553",550,1
"3554",550,1
"3555",550,1
"3556",550,1
"3557",550,1
"3558",551,1
"3559",551,1
"3560",551,1
"3561",552,1
"3562",553,0.447
"3563",554,1
"3564",555,0.218
"3565",555,0.218
"3566",555,0.218
"3567",555,0.218
"3568",555,0.218
"3569",556,0.2045
"3570",556,0.2045
"3571",557,0.1615
"3572",557,0.1615
"3573",557,0.1615
"3574",557,0.1615
"3575",557,0.1615
"3576",557,0.1615
"3577",557,0.1615
"3578",557,0.1615
"3579",557,0.1615
"3580",557,0.1615
"3581",557,0.1615
"3582",557,0.1615
"3583",557,0.1615
"3584",557,0.1615
"3585",557,0.1615
"3586",557,0.1615
"3587",557,0.1615
"3588",557,0.1615
"3589",557,0.1615
"3590",557,0.1615
"3591",557,0.1615
"3592",557,0.1615
"3593",557,0.1615
"3594",557,0.1615
"3595",557,0.1615
"3596",557,0.1615
"3597",557,0.1615
"3598",557,0.1615
"3599",557,0.1615
"3600",557,0.1615
"3601",557,0.1615
"3602",557,0.1615
"3603",557,0.1615
"3604",558,0.12
"3605",558,0.12
"3606",558,0.12
"3607",558,0.12
"3608",558,0.12
"3609",558,0.12
"3610",558,0.12
"3611",558,0.12
"3612",558,0.12
"3613",558,0.12
"3614",558,0.12
"3615",558,0.12
"3616",558,0.12
"3617",558,0.12
"3618",558,0.12
"3619",558,0.12
"3620",558,0.12
"3621",558,0.12
"3622",558,0.12
"3623",558,0.12
"3624",558,0.12
"3625",558,0.12
"3626",558,0.12
"3627",558,0.12
"3628",558,0.12
"3629",558,0.12
"3630",558,0.12
"3631",558,0.12
"3632",558,0.12
"3633",558,0.12
"3634",558,0.12
"3635",558,0.12
"3636",558,0.12
"3637",NA,NA
"3638",NA,NA
"3639",NA,NA
"3640",558,0.12
"3641",558,0.12
"3642",558,0.12
"3643",558,0.12
"3644",558,0.12
"3645",558,0.12
"3646",558,0.12
"3647",558,0.12
"3648",558,0.12
"3649",558,0.12
"3650",558,0.12
"3651",558,0.12
"3652",558,0.12
"3653",558,0.12
"3654",558,0.12
"3655",558,0.12
"3656",558,0.12
"3657",559,1
"3658",559,1
"3659",559,1
"3660",559,1
"3661",559,1
"3662",559,1
"3663",559,1
"3664",559,1
"3665",559,1
"3666",559,1
"3667",559,1
"3668",560,1
"3669",561,0.1565
"3670",562,1
"3671",NA,NA
"3672",NA,NA
"3673",NA,NA
"3674",NA,NA
"3675",563,0.447
"3676",563,0.447
"3677",563,0.447
"3678",564,0.4195
"3679",564,0.4195
"3680",564,0.4195
"3681",565,1
"3682",566,0.4855
"3683",567,0.522
"3684",567,0.522
"3685",567,0.522
"3686",567,0.522
"3687",568,1
"3688",569,0.32
"3689",570,1
"3690",NA,NA
"3691",NA,NA
"3692",NA,NA
"3693",NA,NA
"3694",570,1
"3695",571,0.283
"3696",NA,NA
"3697",NA,NA
"3698",NA,NA
"3699",NA,NA
"3700",NA,NA
"3701",571,0.283
"3702",572,0.392
"3703",572,0.392
"3704",572,0.392
"3705",572,0.392
"3706",572,0.392
"3707",572,0.392
"3708",573,1
"3709",574,1
"3710",574,1
"3711",574,1
"3712",574,1
"3713",575,0.4205
"3714",576,1
"3715",577,0.474
"3716",577,0.474
"3717",578,0.4085
"3718",578,0.4085
"3719",578,0.4085
"3720",578,0.4085
"3721",579,1
"3722",578,0.4085
"3723",578,0.4085
"3724",580,1
"3725",580,1
"3726",581,1
"3727",581,1
"3728",582,0.445
"3729",582,0.445
"3730",583,1
"3731",583,1
"3732",NA,NA
"3733",NA,NA
"3734",583,1
"3735",583,1
"3736",583,1
"3737",583,1
"3738",583,1
"3739",583,1
"3740",583,1
"3741",584,1
"3742",585,1
"3743",586,0.471
"3744",586,0.471
"3745",587,0.454
"3746",587,0.454
"3747",587,0.454
"3748",587,0.454
"3749",587,0.454
"3750",587,0.454
"3751",587,0.454
"3752",587,0.454
"3753",588,1
"3754",588,1
"3755",589,1
"3756",589,1
"3757",590,1
"3758",591,1
"3759",591,1
"3760",592,1
"3761",593,1
"3762",594,1
"3763",594,1
"3764",594,1
"3765",NA,NA
"3766",NA,NA
"3767",NA,NA
"3768",595,1
"3769",595,1
"3770",595,1
"3771",595,1
"3772",596,0.48
"3773",597,1
"3774",597,1
"3775",597,1
"3776",598,1
"3777",599,0.4545
"3778",600,0.4275
"3779",600,0.4275
"3780",600,0.4275
"3781",600,0.4275
"3782",600,0.4275
"3783",600,0.4275
"3784",600,0.4275
"3785",600,0.4275
"3786",600,0.4275
"3787",600,0.4275
"3788",601,1
"3789",601,1
"3790",601,1
"3791",602,1
"3792",602,1
"3793",602,1
"3794",602,1
"3795",602,1
"3796",602,1
"3797",602,1
"3798",602,1
"3799",602,1
"3800",602,1
"3801",602,1
"3802",602,1
"3803",603,0.422
"3804",603,0.422
"3805",603,0.422
"3806",603,0.422
"3807",603,0.422
"3808",604,1
"3809",604,1
"3810",603,0.422
"3811",603,0.422
"3812",605,1
"3813",605,1
"3814",605,1
"3815",605,1
"3816",NA,NA
"3817",NA,NA
"3818",605,1
"3819",605,1
"3820",605,1
"3821",605,1
"3822",605,1
"3823",605,1
"3824",605,1
"3825",605,1
"3826",605,1
"3827",605,1
"3828",605,1
"3829",605,1
"3830",605,1
"3831",605,1
"3832",605,1
"3833",605,1
"3834",605,1
"3835",605,1
"3836",605,1
"3837",605,1
"3838",605,1
"3839",605,1
"3840",605,1
"3841",605,1
"3842",605,1
"3843",605,1
"3844",605,1
"3845",605,1
"3846",605,1
"3847",605,1
"3848",605,1
"3849",605,1
"3850",605,1
"3851",605,1
"3852",605,1
"3853",605,1
"3854",606,0.516
"3855",607,0.5225
"3856",607,0.5225
"3857",607,0.5225
"3858",607,0.5225
"3859",607,0.5225
"3860",607,0.5225
"3861",607,0.5225
"3862",607,0.5225
"3863",607,0.5225
"3864",607,0.5225
"3865",608,1
"3866",609,1
"3867",610,0.4415
"3868",611,1
"3869",611,1
"3870",611,1
"3871",611,1
"3872",611,1
"3873",611,1
"3874",611,1
"3875",611,1
"3876",611,1
"3877",611,1
"3878",611,1
"3879",612,1
"3880",611,1
"3881",611,1
"3882",611,1
"3883",611,1
"3884",611,1
"3885",611,1
"3886",611,1
"3887",611,1
"3888",611,1
"3889",611,1
"3890",611,1
"3891",611,1
"3892",611,1
"3893",611,1
"3894",611,1
"3895",611,1
"3896",611,1
"3897",611,1
"3898",611,1
"3899",611,1
"3900",611,1
"3901",611,1
"3902",611,1
"3903",611,1
"3904",611,1
"3905",611,1
"3906",611,1
"3907",611,1
"3908",611,1
"3909",611,1
"3910",611,1
"3911",611,1
"3912",611,1
"3913",611,1
"3914",611,1
"3915",611,1
"3916",611,1
"3917",611,1
"3918",611,1
"3919",611,1
"3920",611,1
"3921",611,1
"3922",611,1
"3923",611,1
"3924",611,1
"3925",611,1
"3926",611,1
"3927",611,1
"3928",613,0.3925
"3929",614,0.4825
"3930",614,0.4825
"3931",614,0.4825
"3932",614,0.4825
"3933",614,0.4825
"3934",614,0.4825
"3935",614,0.4825
"3936",614,0.4825
"3937",614,0.4825
"3938",614,0.4825
"3939",614,0.4825
"3940",614,0.4825
"3941",614,0.4825
"3942",614,0.4825
"3943",614,0.4825
"3944",614,0.4825
"3945",614,0.4825
"3946",614,0.4825
"3947",614,0.4825
"3948",614,0.4825
"3949",614,0.4825
"3950",614,0.4825
"3951",614,0.4825
"3952",614,0.4825
"3953",614,0.4825
"3954",614,0.4825
"3955",614,0.4825
"3956",614,0.4825
"3957",614,0.4825
"3958",615,1
"3959",616,1
"3960",616,1
"3961",615,1
"3962",614,0.4825
"3963",614,0.4825
"3964",614,0.4825
"3965",614,0.4825
"3966",614,0.4825
"3967",614,0.4825
"3968",614,0.4825
"3969",614,0.4825
"3970",614,0.4825
"3971",614,0.4825
"3972",614,0.4825
"3973",614,0.4825
"3974",614,0.4825
"3975",614,0.4825
"3976",617,1
"3977",617,1
"3978",617,1
"3979",618,1
"3980",618,1
"3981",618,1
"3982",618,1
"3983",618,1
"3984",618,1
"3985",618,1
"3986",618,1
"3987",618,1
"3988",618,1
"3989",618,1
"3990",618,1
"3991",618,1
"3992",618,1
"3993",618,1
"3994",618,1
"3995",618,1
"3996",618,1
"3997",618,1
"3998",618,1
"3999",618,1
"4000",618,1
"4001",NA,NA
"4002",NA,NA
"4003",NA,NA
"4004",618,1
"4005",618,1
"4006",619,0.425
"4007",619,0.425
"4008",619,0.425
"4009",619,0.425
"4010",620,1
"4011",620,1
"4012",620,1
"4013",620,1
"4014",620,1
"4015",620,1
"4016",620,1
"4017",620,1
"4018",620,1
"4019",620,1
"4020",620,1
"4021",620,1
"4022",620,1
"4023",620,1
"4024",621,1
"4025",621,1
"4026",620,1
"4027",620,1
"4028",622,1
"4029",622,1
"4030",623,0.171
"4031",624,1
"4032",625,1
"4033",626,0.407
"4034",626,0.407
"4035",626,0.407
"4036",626,0.407
"4037",626,0.407
"4038",627,1
"4039",627,1
"4040",627,1
"4041",627,1
"4042",627,1
"4043",627,1
"4044",627,1
"4045",627,1
"4046",627,1
"4047",627,1
"4048",627,1
"4049",627,1
"4050",627,1
"4051",627,1
"4052",627,1
"4053",627,1
"4054",627,1
"4055",626,0.407
"4056",626,0.407
"4057",628,1
"4058",629,1
"4059",626,0.407
"4060",630,1
"4061",631,0.2345
"4062",632,1
"4063",633,0.3185
"4064",634,0.125
"4065",634,0.125
"4066",635,0.1515
"4067",636,0.1105
"4068",637,0.284
"4069",638,0.313
"4070",638,0.313
"4071",638,0.313
"4072",638,0.313
"4073",638,0.313
"4074",638,0.313
"4075",638,0.313
"4076",638,0.313
"4077",638,0.313
"4078",639,1
"4079",639,1
"4080",640,0.367
"4081",641,0.4195
"4082",641,0.4195
"4083",641,0.4195
"4084",641,0.4195
"4085",641,0.4195
"4086",642,1
"4087",642,1
"4088",643,0.357
"4089",643,0.357
"4090",643,0.357
"4091",643,0.357
"4092",643,0.357
"4093",643,0.357
"4094",643,0.357
"4095",643,0.357
"4096",643,0.357
"4097",643,0.357
"4098",643,0.357
"4099",643,0.357
"4100",643,0.357
"4101",643,0.357
"4102",644,0.3045
"4103",644,0.3045
"4104",644,0.3045
"4105",644,0.3045
"4106",644,0.3045
"4107",644,0.3045
"4108",644,0.3045
"4109",644,0.3045
"4110",644,0.3045
"4111",644,0.3045
"4112",644,0.3045
"4113",644,0.3045
"4114",644,0.3045
"4115",644,0.3045
"4116",644,0.3045
"4117",644,0.3045
"4118",644,0.3045
"4119",644,0.3045
"4120",644,0.3045
"4121",644,0.3045
"4122",644,0.3045
"4123",644,0.3045
"4124",644,0.3045
"4125",644,0.3045
"4126",644,0.3045
"4127",645,1
"4128",645,1
"4129",646,0.341
"4130",646,0.341
"4131",646,0.341
"4132",646,0.341
"4133",646,0.341
"4134",646,0.341
"4135",646,0.341
"4136",646,0.341
"4137",646,0.341
"4138",647,1
"4139",648,1
"4140",648,1
"4141",648,1
"4142",648,1
"4143",648,1
"4144",648,1
"4145",648,1
"4146",648,1
"4147",648,1
"4148",648,1
"4149",648,1
"4150",648,1
"4151",648,1
"4152",648,1
"4153",648,1
"4154",648,1
"4155",648,1
"4156",649,0.526
"4157",650,1
"4158",650,1
"4159",650,1
"4160",651,1
"4161",652,1
"4162",652,1
"4163",653,1
"4164",654,0.0855
"4165",NA,NA
"4166",NA,NA
"4167",NA,NA
"4168",655,1
"4169",656,1
"4170",657,1
"4171",658,0.238
"4172",NA,NA
"4173",NA,NA
"4174",NA,NA
"4175",NA,NA
"4176",NA,NA
"4177",NA,NA
"4178",NA,NA
"4179",659,1
"4180",660,0.079
"4181",660,0.079
"4182",661,1
"4183",661,1
"4184",662,1
"4185",663,0.4165
"4186",664,1
"4187",665,0.289
"4188",666,0.3585
"4189",667,0.3965
"4190",668,0.3365
"4191",668,0.3365
"4192",669,1
"4193",669,1
"4194",669,1
"4195",670,1
"4196",669,1
"4197",669,1
"4198",669,1
"4199",669,1
"4200",669,1
"4201",671,1
"4202",671,1
"4203",671,1
"4204",671,1
"4205",672,0.2635
"4206",673,1
"4207",673,1
"4208",674,1
"4209",675,0.182
"4210",675,0.182
"4211",675,0.182
"4212",676,0.066
"4213",676,0.066
"4214",676,0.066
"4215",676,0.066
"4216",676,0.066
"4217",676,0.066
"4218",677,0.0335
"4219",678,0.0445
"4220",678,0.0445
"4221",679,0.1325
"4222",679,0.1325
"4223",679,0.1325
"4224",679,0.1325
"4225",679,0.1325
"4226",679,0.1325
"4227",679,0.1325
"4228",679,0.1325
"4229",679,0.1325
"4230",679,0.1325
"4231",679,0.1325
"4232",679,0.1325
"4233",679,0.1325
"4234",679,0.1325
"4235",679,0.1325
"4236",680,0.2945
"4237",680,0.2945
"4238",680,0.2945
"4239",680,0.2945
"4240",680,0.2945
"4241",681,0.4475
"4242",681,0.4475
"4243",681,0.4475
"4244",681,0.4475
"4245",682,0.3245
"4246",682,0.3245
"4247",683,0.3975
"4248",684,1
"4249",684,1
"4250",685,0.345
"4251",685,0.345
"4252",685,0.345
"4253",685,0.345
"4254",686,1
"4255",686,1
"4256",686,1
"4257",686,1
"4258",686,1
"4259",686,1
"4260",686,1
"4261",686,1
"4262",687,1
"4263",686,1
"4264",686,1
"4265",686,1
"4266",686,1
"4267",686,1
"4268",686,1
"4269",686,1
"4270",686,1
"4271",686,1
"4272",686,1
"4273",686,1
"4274",686,1
"4275",686,1
"4276",686,1
"4277",686,1
"4278",686,1
"4279",686,1
"4280",686,1
"4281",686,1
"4282",NA,NA
"4283",NA,NA
"4284",NA,NA
"4285",686,1
"4286",686,1
"4287",686,1
"4288",686,1
"4289",686,1
"4290",686,1
"4291",686,1
"4292",686,1
"4293",688,0.3715
"4294",689,0.424
"4295",689,0.424
"4296",689,0.424
"4297",689,0.424
"4298",689,0.424
"4299",689,0.424
"4300",689,0.424
"4301",689,0.424
"4302",689,0.424
"4303",689,0.424
"4304",689,0.424
"4305",689,0.424
"4306",689,0.424
"4307",689,0.424
"4308",689,0.424
"4309",689,0.424
"4310",689,0.424
"4311",689,0.424
"4312",689,0.424
"4313",689,0.424
"4314",689,0.424
"4315",689,0.424
"4316",689,0.424
"4317",689,0.424
"4318",689,0.424
"4319",689,0.424
"4320",689,0.424
"4321",689,0.424
"4322",689,0.424
"4323",689,0.424
"4324",689,0.424
"4325",689,0.424
"4326",689,0.424
"4327",689,0.424
"4328",689,0.424
"4329",689,0.424
"4330",689,0.424
"4331",689,0.424
"4332",NA,NA
"4333",NA,NA
"4334",NA,NA
"4335",NA,NA
"4336",NA,NA
"4337",NA,NA
"4338",NA,NA
"4339",NA,NA
"4340",NA,NA
"4341",NA,NA
"4342",NA,NA
"4343",NA,NA
"4344",NA,NA
"4345",NA,NA
"4346",NA,NA
"4347",NA,NA
"4348",NA,NA
"4349",NA,NA
"4350",NA,NA
"4351",690,1
"4352",690,1
"4353",689,0.424
"4354",689,0.424
"4355",689,0.424
"4356",689,0.424
"4357",689,0.424
"4358",689,0.424
"4359",689,0.424
"4360",689,0.424
"4361",689,0.424
"4362",689,0.424
"4363",689,0.424
"4364",689,0.424
"4365",689,0.424
"4366",NA,NA
"4367",NA,NA
"4368",689,0.424
"4369",689,0.424
"4370",689,0.424
"4371",689,0.424
"4372",689,0.424
"4373",689,0.424
"4374",691,0.3965
"4375",692,1
"4376",689,0.424
"4377",689,0.424
"4378",689,0.424
"4379",689,0.424
"4380",689,0.424
"4381",689,0.424
"4382",689,0.424
"4383",689,0.424
"4384",693,1
"4385",693,1
"4386",693,1
"4387",693,1
"4388",693,1
"4389",693,1
"4390",693,1
"4391",693,1
"4392",693,1
"4393",NA,NA
"4394",NA,NA
"4395",NA,NA
"4396",693,1
"4397",693,1
"4398",693,1
"4399",693,1
"4400",693,1
"4401",693,1
"4402",693,1
"4403",694,0.5025
"4404",694,0.5025
"4405",695,0.385
"4406",696,1
"4407",697,0.5295
"4408",697,0.5295
"4409",NA,NA
"4410",NA,NA
"4411",NA,NA
"4412",697,0.5295
"4413",698,0.3955
"4414",698,0.3955
"4415",698,0.3955
"4416",699,0.528
"4417",699,0.528
"4418",699,0.528
"4419",699,0.528
"4420",700,1
"4421",699,0.528
"4422",701,1
"4423",702,1
"4424",702,1
"4425",702,1
"4426",703,1
"4427",704,0.2795
"4428",705,0.2165
"4429",706,1
"4430",706,1
"4431",707,0.2815
"4432",708,1
"4433",708,1
"4434",708,1
"4435",708,1
"4436",708,1
"4437",708,1
"4438",709,0.1895
"4439",710,1
"4440",710,1
"4441",710,1
"4442",710,1
"4443",710,1
"4444",710,1
"4445",710,1
"4446",710,1
"4447",710,1
"4448",710,1
"4449",710,1
"4450",710,1
"4451",710,1
"4452",710,1
"4453",710,1
"4454",710,1
"4455",710,1
"4456",710,1
"4457",710,1
"4458",710,1
"4459",710,1
"4460",710,1
"4461",711,0.032
"4462",712,0.0245
"4463",712,0.0245
"4464",713,0.0705
"4465",713,0.0705
"4466",713,0.0705
"4467",714,0.005
"4468",715,5e-04
"4469",716,0.001
"4470",717,0.0045
"4471",717,0.0045
"4472",717,0.0045
"4473",717,0.0045
"4474",718,0.0065
"4475",718,0.0065
"4476",718,0.0065
"4477",718,0.0065
"4478",719,0.065
"4479",720,0.1345
"4480",720,0.1345
"4481",721,1
"4482",721,1
"4483",721,1
"4484",721,1
"4485",721,1
"4486",721,1
"4487",721,1
"4488",721,1
"4489",721,1
"4490",721,1
"4491",721,1
"4492",722,0.022
"4493",723,1
"4494",723,1
"4495",NA,NA
"4496",NA,NA
"4497",NA,NA
"4498",NA,NA
"4499",NA,NA
"4500",NA,NA
"4501",723,1
"4502",723,1
"4503",724,1
"4504",724,1
"4505",724,1
"4506",724,1
"4507",724,1
"4508",724,1
"4509",724,1
"4510",724,1
"4511",724,1
"4512",724,1
"4513",724,1
"4514",724,1
"4515",724,1
"4516",724,1
"4517",724,1
"4518",724,1
"4519",724,1
"4520",724,1
"4521",725,1
"4522",725,1
"4523",725,1
"4524",725,1
"4525",725,1
"4526",725,1
"4527",726,0.086
"4528",726,0.086
"4529",726,0.086
"4530",726,0.086
"4531",726,0.086
"4532",726,0.086
"4533",726,0.086
"4534",726,0.086
"4535",726,0.086
"4536",726,0.086
"4537",726,0.086
"4538",726,0.086
"4539",NA,NA
"4540",NA,NA
"4541",726,0.086
"4542",726,0.086
"4543",726,0.086
"4544",726,0.086
"4545",727,0.157
"4546",727,0.157
"4547",727,0.157
"4548",727,0.157
"4549",727,0.157
"4550",726,0.086
"4551",726,0.086
"4552",726,0.086
"4553",726,0.086
"4554",726,0.086
"4555",725,1
"4556",725,1
"4557",728,1
"4558",728,1
"4559",729,1
"4560",730,0.3445
"4561",730,0.3445
"4562",730,0.3445
"4563",730,0.3445
"4564",730,0.3445
"4565",731,0.3985
"4566",731,0.3985
"4567",732,0.5175
"4568",732,0.5175
"4569",732,0.5175
"4570",732,0.5175
"4571",733,1
"4572",733,1
"4573",733,1
"4574",734,0.516
"4575",735,1
"4576",735,1
"4577",736,1
"4578",736,1
"4579",736,1
"4580",736,1
"4581",736,1
"4582",736,1
"4583",736,1
"4584",737,1
"4585",737,1
"4586",738,0.4085
"4587",738,0.4085
"4588",738,0.4085
"4589",738,0.4085
"4590",738,0.4085
"4591",738,0.4085
"4592",738,0.4085
"4593",739,1
"4594",739,1
"4595",739,1
"4596",739,1
"4597",739,1
"4598",739,1
"4599",739,1
"4600",739,1
"4601",739,1
"4602",739,1
"4603",739,1
"4604",739,1
"4605",740,1
"4606",740,1
"4607",741,1
"4608",741,1
"4609",742,0.4135
"4610",743,0.321
"4611",743,0.321
"4612",743,0.321
"4613",NA,NA
"4614",NA,NA
"4615",NA,NA
"4616",743,0.321
"4617",NA,NA
"4618",NA,NA
"4619",743,0.321
"4620",743,0.321
"4621",744,1
"4622",745,1
"4623",746,1
"4624",747,1
"4625",748,1
"4626",748,1
"4627",749,1
"4628",749,1
"4629",749,1
"4630",749,1
"4631",749,1
"4632",749,1
"4633",749,1
"4634",749,1
"4635",749,1
"4636",749,1
"4637",750,1
"4638",751,0.4015
"4639",752,1
"4640",752,1
"4641",753,1
"4642",754,1
"4643",755,0.3655
"4644",756,1
"4645",757,1
"4646",757,1
"4647",757,1
"4648",758,1
"4649",758,1
"4650",758,1
"4651",759,0.191
"4652",759,0.191
"4653",759,0.191
"4654",759,0.191
"4655",759,0.191
"4656",759,0.191
"4657",759,0.191
"4658",760,1
"4659",760,1
"4660",760,1
"4661",761,1
"4662",761,1
"4663",761,1
"4664",761,1
"4665",761,1
"4666",761,1
"4667",761,1
"4668",761,1
"4669",761,1
"4670",761,1
"4671",761,1
"4672",NA,NA
"4673",NA,NA
"4674",NA,NA
"4675",NA,NA
"4676",NA,NA
"4677",NA,NA
"4678",NA,NA
"4679",NA,NA
"4680",NA,NA
"4681",NA,NA
"4682",NA,NA
"4683",761,1
"4684",761,1
"4685",761,1
"4686",761,1
"4687",761,1
"4688",761,1
"4689",762,0.158
"4690",762,0.158
"4691",NA,NA
"4692",NA,NA
"4693",NA,NA
"4694",NA,NA
"4695",NA,NA
"4696",NA,NA
"4697",NA,NA
"4698",NA,NA
"4699",NA,NA
"4700",NA,NA
"4701",NA,NA
"4702",NA,NA
"4703",NA,NA
"4704",NA,NA
"4705",NA,NA
"4706",NA,NA
"4707",NA,NA
"4708",762,0.158
"4709",762,0.158
"4710",763,0.3885
"4711",764,0.207
"4712",764,0.207
"4713",764,0.207
"4714",765,0.1065
"4715",766,1
"4716",767,1
"4717",767,1
"4718",767,1
"4719",767,1
"4720",767,1
"4721",767,1
"4722",767,1
"4723",767,1
"4724",767,1
"4725",767,1
"4726",767,1
"4727",767,1
"4728",767,1
"4729",767,1
"4730",767,1
"4731",767,1
"4732",767,1
"4733",767,1
"4734",767,1
"4735",767,1
"4736",767,1
"4737",767,1
"4738",767,1
"4739",767,1
"4740",NA,NA
"4741",NA,NA
"4742",NA,NA
"4743",767,1
"4744",767,1
"4745",768,0.052
"4746",768,0.052
"4747",768,0.052
"4748",768,0.052
"4749",768,0.052
"4750",768,0.052
"4751",768,0.052
"4752",768,0.052
"4753",768,0.052
"4754",768,0.052
"4755",768,0.052
"4756",768,0.052
"4757",768,0.052
"4758",768,0.052
"4759",768,0.052
"4760",768,0.052
"4761",768,0.052
"4762",768,0.052
"4763",768,0.052
"4764",768,0.052
"4765",768,0.052
"4766",768,0.052
"4767",768,0.052
"4768",768,0.052
"4769",768,0.052
"4770",768,0.052
"4771",768,0.052
"4772",768,0.052
"4773",768,0.052
"4774",768,0.052
"4775",768,0.052
"4776",768,0.052
"4777",768,0.052
"4778",768,0.052
"4779",768,0.052
"4780",769,1
"4781",769,1
"4782",770,1
"4783",770,1
"4784",770,1
"4785",770,1
"4786",770,1
"4787",770,1
"4788",770,1
"4789",770,1
"4790",770,1
"4791",770,1
"4792",770,1
"4793",770,1
"4794",770,1
"4795",770,1
"4796",770,1
"4797",770,1
"4798",770,1
"4799",770,1
"4800",770,1
"4801",770,1
"4802",NA,NA
"4803",NA,NA
"4804",NA,NA
"4805",770,1
"4806",770,1
"4807",770,1
"4808",770,1
"4809",770,1
"4810",771,0.2355
"4811",771,0.2355
"4812",772,1
"4813",772,1
"4814",772,1
"4815",772,1
"4816",772,1
"4817",772,1
"4818",772,1
"4819",773,0.0435
"4820",773,0.0435
"4821",773,0.0435
"4822",773,0.0435
"4823",773,0.0435
"4824",773,0.0435
"4825",773,0.0435
"4826",773,0.0435
"4827",773,0.0435
"4828",773,0.0435
"4829",773,0.0435
"4830",773,0.0435
"4831",773,0.0435
"4832",773,0.0435
"4833",773,0.0435
"4834",773,0.0435
"4835",773,0.0435
"4836",774,0.1535
"4837",774,0.1535
"4838",775,0.3305
"4839",775,0.3305
"4840",775,0.3305
"4841",775,0.3305
"4842",775,0.3305
"4843",775,0.3305
"4844",776,0.3655
"4845",777,1
"4846",778,1
"4847",778,1
"4848",778,1
"4849",779,1
"4850",779,1
"4851",779,1
"4852",779,1
"4853",779,1
"4854",779,1
"4855",779,1
"4856",779,1
"4857",780,1
"4858",780,1
"4859",780,1
"4860",780,1
"4861",780,1
