,Sample,Lifespan,0.0025percent_MMS,0.0075percent_MMS,0.6M_KCl,0.6M_KCl_200mM_MgCl2,1.5mM_TBH,100ng.ml_Rapamycin,10mM_caffeine,10mM_caffeine_100ng.ml_Rapamycin,10mM_caffeine_5mM_LiCl,10mM_HU,10mM_HU_0.0025percent_MMS,10mM_HU_0.0075percent_MMS,10mM_HU_5mM_LiCl,10percent_EtOH,10ug.ml_calcofluor_10mM_HU,10ug.ml_calcofluor_150_NaCl,10ug.ml_calcofluor_200mM_MgCl2,10x_Antimycin,10x_Antimycin_5.7mM_Arginine,150mM_NaCl,150mM_NaCl_0.0025percent_MMS,150mM_NaCl_0.0075percent_MMS,150mM_NaCl_200mM_MgCl2,1mM_TBH,1x_Antimycin,200mM_MgCl2,20mM_Arginine,20mM_Aspartate,20mM_Aspartate_20mM_Lysine,20mM_Aspartate_20mM_Serine,20mM_Glycine,20mM_Glycine_20mM_Isoleucine,20mM_Isoleucine,20mM_Lysine,20mM_Proline,20mM_Proline_20mM_Lysine,20mM_Serine,20mM_Serine_20mM_Arginine,2mM_H2O2,2percent_EtOH,2percent_Fructose,2percent_Galactose,2percent_Galactose_2percent_Glycerol,2percent_Glycerol,2percent_Glycerol_0.0075percent_MMS,2percent_Glycerol_2.5g.l_NaAc,2percent_Glycerol_2.5g.l_NaAc_20mM_Arginine,2percent_Maltose,2percent_Maltose_100ng.ml_Rapamycin,2percent_Maltose_150mM_NaCl,2percent_Maltose_2percent_Sucrose,2percent_Sucrose,2percent_Sucrose_100ng.ml_Rapamycin,2ug.ml_calcofluor,2ug.ml_calcofluor_150mM_NaCl,2ug.ml_calcofluor_200mM_MgCl2,2ug.ml_calcofluor_5mM_LiCl,3mM_H2O2,5mM_LiCl,5mM_LiCl_150mM_NaCl,5mM_LiCl_200mM_MgCl2,antimycin,EMM,EMM_Low_Agar,EMM_M,H2O2,JB1197_2days_exhausted,JB1197_7days_exhausted,JB22_2days_exhausted,JB22_7days_exhausted,JB762_2days_exhausted,JB762_7days_exhausted,JB889_7days_exhausted,NaN3,oligomycin,Sc_2days_exhausted,YES,ratio
0,JB1117,15.064686090537,-1.73120760468137,0.377306788448567,0.228347607212496,0.369511647996701,-0.450541771814581,-0.552696433264084,-2.0811832811544,-3.72495772446404,-4.26472662137122,-2.89424642014727,-2.63785751984207,-2.07861720145814,-4.13636906137299,-0.976707107598551,-2.25418869069288,-3.8261703283624,-2.84522585428697,-0.747509865880192,-0.246700079875407,-2.48455376193793,-3.1934079383891,-0.366745619355624,-0.941895634691001,0.207177154881802,-0.669893798393472,-0.816653823887669,-2.01031806944469,-2.70500966159107,-2.29864673511078,-1.9355252327957,-2.78597185879144,-1.69929641140132,-1.01935043966047,-2.18835598998237,-4.18721282106971,-1.82994130589756,-1.11725531375772,-0.660096365328498,-0.153417080523539,-1.411295557886,-0.729445155496595,-2.92899920634418,-3.28029789534033,-1.91766342867422,-0.976484709131585,-3.08279575011438,-2.30159366096619,-1.0057899426254,-1.24546069561531,-1.61616801558828,-0.419315673151524,-0.18415295139677,-0.599460924515885,-0.464551687811097,-1.49752292234266,-0.16845368286448,-2.65588480697873,-1.24227893631879,-3.07419312913624,-2.92710440829333,-0.121221117666585,-0.620259988405797,-1.16410919159361,-0.484847114411504,-0.369931689664148,-0.323934075276403,-0.77726585214965,-0.765811161273156,-0.943132999851444,-1.36281456163063,-0.767227632828952,-0.45500831061561,-0.830829624252482,-1.18065855165261,-0.728024422271434,-0.831584173230202,-0.797373917848057,0.5496602437943953
1,JB1154,11.3807461001899,-0.195699401734475,1.1663232355643,-0.0699856539073839,-0.0960433185730889,1.89323647578347,-0.347314417179561,-0.031539635925515,-0.177219965209404,-0.238126102499969,0.0354400143438554,0.184594564856045,-0.417812519669038,0.452884926662494,-0.506252994807565,0.395614283507695,-0.278731192376471,-0.225573487368791,-0.0843579352582002,0.17911517699269,-0.240251867457032,-0.0567540691777629,1.07306993129994,-0.105728123977594,0.532371967471281,0.0090971067598383,-0.0252402813850517,-0.26109414107626,-0.645816733289572,-0.461557765703178,-0.239999086591209,-0.622795762612157,-0.517612271288072,-0.0830174790147307,-0.295465895384258,-1.42079213899001,-1.12162949844412,-0.20414906264208,-1.95497399021487,0.0847314240957763,0.0508632723895744,-0.275013512783414,-0.486995473106904,-2.52421605521775,-0.983094068335003,-0.286263196716082,-0.704527075018097,-1.17361042076551,-0.9913172951168,-1.11114736408215,-0.521518601559872,0.1551084819567,0.0427296827508873,-0.252429528895505,-0.223113869094974,-0.244786175232524,-0.0330302444054936,-0.340423317141736,0.0590030918403951,-0.350923283018605,-0.357644538975891,-0.136645229737286,-0.040419108012723,-0.0954228439199316,0.0795851244552173,0.0188413547630673,-0.128683505781965,-0.180656506727635,-0.179677546210104,-0.134771093516127,-0.250587490281671,0.199216452185018,-0.090119866737806,-0.0736163714376739,-0.373160784029742,-0.24618639309583,-0.0996716161513451,-0.238799420105797,0.1725328613308456
2,JB1171,10.1860059272242,-0.0568726600206221,1.2826232380031,0.0704984105888727,0.249355753622512,1.53855432287384,0.0899491340830719,-0.0745818719337903,-0.301971915940621,-0.153172979982916,-0.302209248076253,-0.0558254583590954,-0.544691362172735,0.665840858652094,-0.837653984882027,0.572640595931112,-0.13494503140807,-1.01447459058092,0.0179674273533038,0.186901749214704,-0.174589132126923,-0.0004086346781911,1.13790774971807,-0.293868898268009,0.794425558268252,-0.0461911180592677,-0.446184513151515,-0.211790376870084,0.401559807909017,0.114016616631821,-0.337122250721605,-0.537873528480829,-0.226172074689809,-0.827818367064296,-0.151674888001524,-1.1351557375398,-1.02897503699096,-0.360058514425653,0.366397623764982,0.0675995883744461,0.152214655462862,0.0640536561605242,-0.107802107388087,-1.688043313991,-0.464118902185235,0.15818510404568,-0.345594708193635,-0.325446855665837,-0.204159908799022,-0.123542560642601,-0.17187932824351,0.265137200069791,0.0927255340681096,0.11639766982595,-0.295494877847559,-0.285847488183372,-0.155943647034813,-0.0894913470584949,-0.150365615006997,-0.16801411728203,0.43110527166418,-0.268989535865079,0.137518020692653,-0.139844523120342,0.0223193543614667,0.0159888374392412,-0.145387661573201,0.0851805106998111,-0.0937186687582658,0.141151833567846,-0.111486210439841,0.0477345477750471,-0.0269308954471711,0.226693501909461,-0.134867363475566,-0.138449887313972,0.0344037181148961,-0.185420103347372,0.1710958771890544
3,JB1174,10.2944358584443,-0.0765665531480032,1.35874764616013,0.0803369588460777,0.207168706307443,1.0085172517054,-0.0044976183838874,-0.232119070031648,-0.191914836800799,-0.157246189391219,-0.335314133499301,-0.304512933583319,-0.392936029186357,0.715839134793892,-1.375873070624,0.537726792259554,-0.111432675982951,-1.3383783312373,-0.0139880348631264,0.155774447465677,-0.252057889881064,0.0008989474618541,1.12469669826318,-0.183901685029633,0.656978167441071,-0.0160251026897938,-0.37979679434406,-0.387278459009944,0.379199136229123,-0.0080398305026832,-0.316342711296016,-0.676336604156949,-0.261854819880521,-1.03805130323874,0.0452259155072237,-1.20617900016355,-1.17959967173146,-0.388498426125824,0.243542713075753,-0.0218010995844646,0.0008657010480754,0.0445765802361997,-0.61169596210274,-1.8680296655233,-0.436371003262171,0.11388127474268,-0.395316149354369,-0.446115818838572,-0.260902142315295,-0.142225449646068,-0.16570928049902,0.260675528994091,0.101119307377363,0.113380950776804,-0.330659514743182,-0.314613660454364,-0.295182125575742,-0.0681512685473692,-0.0739434397526497,-0.215667801620762,0.449453394178267,-0.304785019294018,0.0547824586256695,-0.119267063626269,-0.0333029782504314,0.0126430752313643,-0.139017208494558,0.109269410867262,-0.113715533754654,0.0904040393474836,-0.103244356956639,0.136541837091893,-0.0322752674268416,0.191570720566978,-0.208326968885459,-0.191920888810692,0.0400639784934842,-0.306915644983818,0.1899870632874484
4,JB1180,6.02653417637454,-0.655250639841704,0.216232846458605,-0.432042409245951,-0.694405832739712,-1.19876831089931,-0.87524335741544,-1.1746602131618,-1.46309105636705,-1.70747867974166,-2.17055303998504,-2.89485189862905,-2.32767219296423,-2.69208612851846,-2.12499981904639,-1.73423503113838,-1.27469446157263,-5.63814017401886,-0.330821334344321,-0.464425148525625,-0.747294852251867,-0.942198536069174,0.269893125439783,-1.03278296601447,-0.695042309635857,-0.37205457537634,-1.3731269347711,-1.91551028521906,-1.88661816100977,-2.50701155028842,-3.25280417266835,-3.31248189170946,-1.5764660460908,-1.01314843499777,-2.53562940302082,-2.70467544547987,-4.23123802325952,-1.73766914612922,-3.35274990177206,-1.32791133137977,-2.7380658720954,-0.910758398121638,-3.45768155371549,-2.81266917846783,-1.63198564154898,-2.49492503641678,-2.67626745237109,-4.33509750605892,-1.59002261997838,-0.914309620558915,-0.698744741131415,-0.147889271244222,-0.322079160491074,-0.867308430309094,-0.686766665297064,-0.574265091878065,-1.17590965023866,-1.48199263440141,-1.786684967036,-1.44394188483142,-1.56185048164019,-1.14083008694121,-0.787928987632317,-1.30110785869866,-0.585962120341795,-0.594778500397775,-1.04623115068489,-0.702351325072803,-1.05061197295833,-0.667337290578568,-1.66284456472454,-0.576780522154666,-0.757526040238492,-0.573978747549859,-1.22917933442979,-0.942335996690421,-1.62495491561374,-1.10778148896957,0.1560855438970461
5,JB1205,7.22656071826353,0.125148016315127,1.10907325214281,-0.60317898394492,-1.52844029370971,2.2320805312657,-0.375304793577251,-0.288994317542069,-1.28290610240509,-3.01627882278718,-0.0383289190637993,-0.139255993664947,0.229122191031826,-0.779016461968023,-0.186557067530657,0.0026726015162085,-0.549817901580108,0.216964198738356,0.0712568185297604,0.286699399373326,-0.512192693186568,-0.326923825276472,0.811687840883801,-0.50207953508195,0.325773675772632,0.0878957545576696,-0.0880942546197166,0.0728333465984168,-1.47816123302538,-0.0487831154531462,-1.20310604151737,-0.306275665749087,-1.06964772633838,-0.64029414266517,0.0570976193809541,-0.943477112004194,-2.14666697083166,-0.155818356503862,-0.423853604100758,-0.270310092719026,0.16808048307559,-0.19485065960176,1.09337582823113,-0.743573902678887,-0.66810778660396,0.432499908752802,-1.50926079484377,-0.694765677276381,-0.393321710166485,-0.743123914154894,-0.13551909154782,-0.0926631009713943,-0.290641825357705,-0.547286666894714,-0.299759484205495,-0.612937922227347,0.0133543086937694,-3.00266844109326,-0.226161124567324,-3.70033797912814,-2.29908445468649,-6.1573418591541e-06,0.166576530050603,-0.467398722094364,-0.0374372795064278,-0.0100493126266493,-0.241252920341635,0.685420851511108,0.340291428326021,0.922880379040776,0.706122690759155,0.691418789362744,0.637133084249973,0.190501891295504,-0.0664974943437101,-0.171540261814251,0.578721205917211,-0.364985930130399,0.0576589834979603
6,JB1206,14.7448071590115,-0.0926786308453257,1.04553046358261,-0.755166149039919,-1.68945225634962,1.3450173304589,-0.524354309626264,-0.410311969707448,-0.820158234273394,-1.64003465443905,0.179120546971202,0.044888169937041,0.22866644715652,-0.311180542524401,0.493577447075918,0.212433051694557,-0.443802112630116,-0.236942852442757,-0.0673749652837744,-0.0791006017949755,-0.471632199141963,-0.421934032682398,0.524417346124314,-1.03565391883754,0.601028671140164,-0.376900264987308,-0.323838793352512,0.110136734824266,-0.513884749239518,0.243383490230762,-0.637593276637878,-0.14692317220002,-1.08052443386106,-0.790943944149773,0.327184370279047,-0.88363565601013,-0.0167619246596508,-0.218193202435711,-0.0639709424643738,0.0050269901411616,-0.0273630766675539,-0.350471928301661,1.95831909485552,-0.114687812651099,-0.588242841279435,0.513212543718852,-1.74738758393964,-0.889602358175925,-0.508889645341977,-0.871766881016527,-0.274639851293271,-0.217442043162899,-0.614538016698005,-0.714753440064693,-0.43052431130627,-0.540907293484882,-0.163218676163701,-1.70846465468103,-0.0801417406193821,-2.01033068288254,-1.74873827366919,-0.196751207790688,-0.454557284902199,-0.674340536887306,-0.4019302056388,-0.320461954179246,-0.31676479525629,0.33308263314206,0.49786281836599,0.358728802210722,1.00213228516275,0.300944482594304,0.92130473998654,0.486302425354891,-0.39991963761137,-0.247129044228037,0.39065019879977,-0.407243915432609,0.0506615481199293
7,JB1207,3.2146170036605,-0.240734214319872,0.4086436223793,-2.36045182279789,-2.91816692142414,2.78691522624325,-0.218911627098566,-0.917794139614519,-0.906386697229689,-2.19752361429479,0.039810074151526,0.0497981284201969,-0.0378817647134588,-0.333387174001762,-0.43449445420317,-0.0432515526008564,-0.786865443063436,-1.73783025427765,-0.0832700827855586,0.193287820997223,-0.911169673035053,-0.705757093672966,-0.473612105375887,-3.25567552537165,0.407221761717232,0.0814882679960359,-1.95924018295972,-0.394068649510733,-0.542745792918433,-0.30108026684593,-0.660334677800789,-0.634200026153822,-1.21337069640419,-0.921748388471285,-0.336696177127671,-1.29882717515897,-1.33055548999374,-0.121740308705571,-3.29296145597625,-0.232163184903598,-0.312794052084709,-0.0247683807771608,0.726638735308637,-0.296646232664974,-0.484857699507742,0.113765599280996,-1.33970342887032,-1.23070463307062,-0.0828087430296922,-0.61644902843907,-0.420488929428686,0.0139598496640873,-0.01143295945279,-0.253984856913863,-0.522065596915201,-0.855155701017676,-1.39102125696946,-1.07994345353872,-0.369154492728132,-1.33493332672271,-1.10283692796866,-1.31622356939437,-0.467911656398401,-0.237224101909285,-0.152617877161018,-0.0510531116877142,-0.525699210553484,0.309409928353778,-0.0920484096247085,0.12486428552932,-0.113945272377206,0.229319390434504,0.139372959560554,-0.196319061766767,-0.474793984853795,-0.435874440791543,-0.0130325260438927,-0.509130993073531,0.0365762230422273
8,JB22,7.54639726466785,-0.0882824572045642,-0.0208235889981256,-0.262917916563438,-0.164429975738091,-0.712490429511358,-0.0984520192144087,-0.137117433694903,-0.195180419836307,-0.122077892765936,-0.0811406045738945,-0.0882328886115291,-0.200773762840409,-0.197501179873983,-2.52165272309565,-0.0296095554249995,-0.184551351728129,-0.15526913339324,-0.0615761796204399,-0.141360814554613,-0.14713008474618,-0.301088783229399,-0.0821451002056079,-0.16924177352062,-0.0385149786033434,-0.0791428152259284,-0.251915256244829,-0.145955103113937,-0.126020993529987,-0.222315214949326,-0.0930171735698801,-0.1207960631098,-0.0846339160580951,-0.066546184598218,-0.185719983099306,-0.0937917141611201,-0.0716869562523806,-0.0488549700208502,-0.0583746975640245,-0.109744206815867,-0.309335503609601,-0.0631916044651209,-0.451033267446,-0.155523729685081,-0.132772910891022,-0.28735729448899,-0.0683576948191121,-0.17926824650024,-0.0761406836235553,-0.142831507413888,-0.0517908342476495,-0.0921457777209091,-0.0822659652401197,-0.0921992283118532,-0.190950326278142,-0.0896039274011184,-0.188892709140184,-0.143180130962057,-0.115337016914815,-0.150268349996173,-0.370568199135006,-0.107772291905624,-0.216591334547246,-0.15853572999087,-0.108449603188646,-0.0574947902228352,-0.112148436124445,-0.198312225760621,-0.627534230414962,-0.250845307397543,-0.895627163546753,-0.215083898917693,-0.215502888368487,-0.314665518452447,-0.260568388654165,-0.191221153343432,-0.627040101306133,-0.191968561744288,0.0996395362322635
9,JB4,10.495792007885,0.600204060193476,1.72430065906153,0.454563531533904,0.218817401508542,1.81509634110257,0.835213417460557,0.702569822130299,0.893012568998715,0.827765132441424,0.742281814855576,0.844999785887095,0.296120941989878,1.04069157453057,0.17012667017072,0.991886917975443,0.436599008299396,0.388127292754545,0.657858961543557,0.878309656825596,0.410443788312367,0.660684804042369,1.5279231184187,0.0482058478168336,0.597058802033727,0.74805723361871,0.262184711547694,0.0121597895130292,1.00583660908473,0.660726682454776,0.163410826288288,0.256995061634976,0.31904114679572,0.514535632968868,0.37499931110113,0.23111542688471,0.327614648046229,0.336139562959045,0.453137211107917,0.542224916448714,0.209405348234922,0.808470396800264,0.271632173661191,0.104223428605842,0.719196056788935,0.242485504075236,0.371546793777199,0.137158341366835,-0.215136286728946,0.75005665606632,0.313170579823082,0.820147016382603,1.02540515290312,0.990468209057309,0.392466111774159,0.33781928805444,0.494664097774439,0.133891636996905,0.575105763624073,0.29802526199853,0.249369697059449,0.447576940631585,0.587779418482542,0.561809776626959,0.94248860663723,0.854042153449887,0.571184503432532,0.652580620084123,0.189530973774762,0.195063664293129,0.263923717971989,0.587621245431118,0.337216628821103,0.645857035592092,0.349729549547175,0.460963410432354,0.183227252170805,0.443469729932803,0.1537245462900852
10,JB758,14.7817127765579,0.0951977328690453,1.312928594249,0.303254363659429,0.703581380095794,1.49899363757477,0.0649710605405804,0.313090369741207,0.359906404959666,0.24202727688937,-0.101272384658416,0.818120767767991,-0.138542983417585,0.804668626412551,0.0837488124778216,0.776013378499149,0.0658420895916678,0.391391076182729,0.140504234449187,0.292779660734377,-0.0126828612425936,0.149731381529048,1.37333438401949,0.310529224268426,0.695223655103564,0.243290864295982,0.296053182052954,-0.171317017794566,0.17288816244763,0.110261862432951,0.260241118791629,0.158008218361769,-0.0358031340004922,-0.53408449717437,0.0135624186106423,-1.03907131554007,-0.525825166923028,0.267645566124045,0.239682568951905,0.261580695984585,-0.262343961445834,-0.0379476320474347,-0.248441171207905,-0.924239705651989,-0.163576450831948,0.770295906125903,-0.328342251777392,-1.07004699313778,-0.267041188389232,-0.521852209211753,-0.118110413986474,0.36830918914576,0.251035737461544,0.114548058548626,-0.165298744278452,-0.0707072128465317,0.28763354433924,-0.150199940505047,0.0977031880717345,-0.0798455035626193,0.413727801968874,0.331017737335392,0.217023320209486,0.0790744548137221,0.217989062465138,0.103923028085875,-0.0920569558004316,-0.163602428473403,-0.360211659884197,-0.282391366616575,-0.515428952778725,-0.124248526444414,-0.428396593905693,-0.259084561937121,-0.0500415226966004,-0.0606642273630673,-0.281511408939285,-0.103472426222756,0.0513202308948516
11,JB837,2.00622105868673,-0.0320198904152107,1.72585628781243,-0.233752456318033,-0.796866591782993,3.00451939517049,-0.063453348117653,0.510542439260558,0.917832870721801,-0.500384610266112,0.519176549892189,1.28120632119524,0.582556587176295,-0.619781117583947,1.8864235875017,0.540903418103106,-2.53414139790585,-0.390272783144418,0.169192030225148,0.311899367367658,-2.47941530483725,-1.44128394701584,0.320890919646954,-3.08454288545516,0.541440615958528,0.391001839703742,-0.0614937762858622,-0.391796244171796,0.228638507581686,0.0195617352282189,-0.0795423157490617,0.0120463637487007,-0.482111099709204,-0.514180787927067,-0.0748946498539319,-0.564277201296195,-0.823013004410595,-0.164216357194444,0.0863440383370675,0.276256133279575,-0.134836131003542,-0.16200451076607,-0.309820398202259,-2.04580404733253,-0.670610943582409,0.742330616519568,-1.43359865735629,-0.741413327330676,-0.294995362395623,-0.603534560446893,-1.74701861262741,0.157057319313339,0.0448978280410732,-0.0838123746335133,-0.334044449444692,-2.233964237747,0.0058886796091022,-2.21356238189958,0.030273196413516,-2.06474292403815,-3.51022726813347,-1.34217763593889,0.054621284546386,0.0255120454340622,0.107497237308876,0.104060482137204,-0.18013459704318,-0.0580661887286909,-0.331775362225477,-0.293839540913936,-0.379295396609435,0.0066193467993354,-0.0521226603048482,-0.0683448691848959,-0.340074877930809,-0.14950253637333,-0.253923671054117,-0.216024730416959,0.0634880717431821
12,JB838,3.47226071519548,-0.324551762540261,0.758126562332573,0.354050121162991,0.237273938791213,1.43103687979923,-0.241446519058806,-0.213431450395938,-0.216377342468304,-1.33800599197189,-0.228846832163926,-0.642895655421825,-1.57926242038749,-0.795531984763382,-0.681937083054512,-0.0670142732646287,-1.26519500304167,-6.57667777687439,-0.162917249026852,0.0222353769628575,-0.713260992343072,-0.692359536298708,0.141956659239976,-0.567972638842809,0.325518124001247,-0.125489102805427,-1.59046431269457,-1.17999242099237,0.0795404334896331,-1.85467041361568,-0.889601872712956,-1.29738313899304,-0.543754165030708,-0.316210411189033,-1.21932852235109,-0.708135442993304,-1.79116508150864,-0.531067773178898,-0.990946451530159,0.0400661030461836,-0.845039484748646,-0.573358301586325,-1.46317507910502,-3.39958845645618,-1.39376525906517,-1.01939036836591,-1.67738957841335,-1.97280611785275,-1.51535921465348,-0.824160483375979,-0.619520721923311,-0.122192729893662,-0.125236158920829,-0.243350782448694,-0.429218027562026,-0.584744460955157,-1.49879457194488,-1.94377825487768,-0.262501680817891,-1.48541024427339,-1.38289010584574,-1.15215237460913,-0.319595121523138,-0.291805799849882,-0.130244297557591,-0.148756570540433,-0.231052255721635,-0.544085630831064,-1.38363148201701,-0.69211901580099,-1.2452117301249,-0.430321932426828,-0.969891602437008,-0.774813832318371,-0.644079475719322,-0.353444377104642,-1.70121870256842,-0.456845378294678,0.1242862014356066
13,JB840,12.1597554115035,0.139465910316674,0.917435833940501,0.0314752706786922,0.236955244398363,-0.164260627417013,-0.119005808791117,0.272732888072134,0.17302116043521,0.124856830959711,-0.636474250640585,-0.207357656953777,-0.37246495284967,-0.0566284976458107,-0.866178104100263,0.159449640516225,-0.316527899455645,-0.48865827993836,0.0150757542142864,0.308882663142387,-0.402898325968377,-0.149183273107141,0.561899379737696,-0.212056849772129,0.107413112959679,-0.0223100461690474,0.01577951515786,-0.125190278667518,-0.16443669093187,-0.202212510092607,-0.425861378544627,-0.645642866670435,-0.648515722662788,-0.388704591062323,-0.279746774401336,-0.851751093765784,-0.709973368000002,0.0819228774001439,-0.0266560927254126,0.0396327211568419,0.0609646333458314,-0.34101685659133,-0.823326718807097,-2.04057838997123,-0.967719175405051,-0.690656426517856,-1.15624353855336,-0.910529788172293,-0.195253442561855,-0.328430673698406,-0.285831710454641,0.34196735612206,0.149320259895318,0.106247233960624,-0.173643816655726,-0.507577607636499,-0.13011701835677,-0.586876490515007,-0.0297649738533048,-0.664140103145424,-0.735942108995481,-0.0537839886164539,0.0663623766874931,-0.0530669139949198,0.0547722727262284,0.103447223054226,-0.0640065239363777,0.369163868172353,0.205236502065962,0.327859066936487,0.255635888135121,0.408695093664926,0.266429977217113,0.295500463621068,-0.368849373272587,-0.126916089372134,0.206661006371947,-0.152983775835665,0.0977464800352612
14,JB841,2.62679344644948,-0.0805849911038012,0.938960817136526,-0.0075097065125302,0.152437818161417,-0.726360240380238,-0.521586021840153,-0.52676718311641,-0.64698329535149,-3.31644414747749,0.161619725496326,-0.0262454596500023,-0.75756581100762,0.0641787886222501,0.0889578036215002,0.680389231481916,-1.44861353500788,-0.692193289857929,-0.0311815102901212,0.157508153607845,-1.17118821175819,-1.03996208929553,0.239759263440854,-1.165588919345,-0.0010154251382464,-0.0504462828145445,-0.0878535211851384,-0.870671202481454,0.115814331229032,-0.525896633784281,-0.90525120060883,-1.10274914374989,-1.15841620585342,-0.619091615390102,-0.409489604844716,-0.565976154506357,-1.18259561863083,-0.510319941179068,-0.876581128144364,-0.480309039161255,-0.410757724653217,-0.153626825203586,-1.09598063071013,-2.32731262108582,-0.721701256390563,-0.516960166510627,-1.26267516891302,-1.60790706259457,-0.42814939630236,-0.709984764260003,-0.65057320882281,-0.199919585007652,-0.349651558209531,-0.781495945071878,-0.460979722634407,-1.1868939027716,0.0607135256426188,-2.15333356907965,-0.382981987993578,-2.08276976779468,-2.38359709677688,-0.199072751160891,0.0506126171681857,-0.482033567082105,-0.0154370935002953,-0.176759143887739,-0.239161307294548,0.0297067039268128,-0.257249553657142,-0.174835707090982,-0.739738766110622,-0.0161961408434792,0.0496247852535115,-0.0755860802985692,-0.264430011090158,-0.127826244279716,-0.768384220886792,-0.345654465769836,0.0901625204722015
15,JB842,4.69716935677439,-0.27526351617726,0.88199266935295,-0.131101209717396,-0.314330647955388,-2.04876794283843,-0.753989540932249,-0.593625184764187,-1.03202573366768,-2.24889738191185,-0.119765362350102,0.472658144760452,-1.61506504434538,0.352689892601298,-0.596314309188536,0.56309765887783,-1.31620095075234,-3.02047265873324,-0.0974366910171684,-0.0947784958119348,-1.02800834899805,-1.07412536234082,-0.162773885623744,-1.30807751050677,-0.306586145082734,-0.206343704633717,-0.265062849130399,-1.54050785671447,-0.91804796514087,-0.995765789280933,-1.4596458686507,-1.49798382862604,-1.7754660012881,-0.852250101359126,-1.13521583614853,-1.15271608260302,-0.367269839461267,-0.636545800787135,-3.1421134941556,-0.981124089202941,-0.104339695711215,-0.665881924372792,-1.54908028094619,-3.21868661413306,-1.61657561853872,-0.926432059588522,-1.75263459627818,-2.11631552046774,-0.813156196230933,-1.16105613116572,-1.15304049842567,-0.28413340160974,-0.550691088869029,-0.827119067548585,-0.603171464172428,-1.22013265123037,-0.216562701067866,-1.56253803153502,-0.612234910086946,-1.45946923674977,-1.83650767427942,-0.497215651560005,-0.135265995563753,-0.762413992029003,-0.346778309409819,-0.372433477173406,-0.372790668297603,-0.0214829473450946,-0.30386892159295,-0.122141283844657,-0.710797512787746,-0.0071960695029175,0.0457406632614559,-0.0532309759009634,-0.549065383287745,-0.318792568684554,-0.499128518188852,-0.4697808859335,0.12662404855714
16,JB845,17.265918776362,0.0565335749342435,1.33315414794903,-0.113967202008435,0.121315178259517,1.21957457409274,-0.0380678937951606,-0.120541853630635,-0.700278172382155,-0.385924356353006,0.269987297335661,0.0861711077097104,-0.537701045720378,0.0342200349404095,-0.0064013941147362,0.607393311802304,-0.408958199352672,-1.71687731126608,-0.0493266009660475,0.0918217671538744,-0.448434320751418,-0.147905508868392,0.704072821516585,-0.285922953369262,0.316817330856167,-0.0483177811956986,0.0482874835277265,-0.438928197921166,0.0539748765345722,-0.347718013343285,-0.241984668269269,-0.686753907487177,-0.724556509269747,-0.408201235346682,-0.867057609709361,-0.73411228134797,-0.797359996190804,-0.0677734806114662,-1.52034670640351,0.290129601429415,-0.357786312616153,-0.221354441850789,-0.833248269877467,-2.22344008412725,-0.737724899782208,-0.421914599950088,-0.79472520519317,-1.25254552979757,-0.250296918387273,-0.271859595604519,-0.135457983287894,0.109745532435424,0.0323232174431086,-0.0535242329876994,-0.261165163926568,-0.494791268563475,0.0154848860219268,-0.828457628480529,-0.0304373390959392,-1.02523570675139,-0.726933944350981,-0.0133566492856779,-0.124986075001196,-0.0963750902483856,-0.0022768635063639,0.0261185354064752,-0.304743794595296,0.0633566994819254,-0.157501037760896,-0.0506577627099123,-0.228365412935598,0.173577056433236,0.0147974347486417,0.0811044077978468,-0.542450418428231,-0.221970532687369,-0.129747543095081,-0.348968091603784,0.0422738647680251
17,JB846,9.89357795769854,-0.570790535996374,0.670826503967641,-0.302965241738953,-0.128820262171423,-0.854274527462634,-0.841626683322006,-1.42976926009586,-1.771155140685,-4.49116472396061,-0.303131311463877,-0.968496108861565,-1.31295170745211,-1.0782764331879,0.0495136253140034,0.0826392642919836,-1.70941527696548,-3.19380986685541,-0.119940861454431,-0.0422542147135724,-1.28233955022715,-1.35686933294894,0.0630643338379801,-0.97132568873254,-0.178396537230393,-0.256648554366785,-0.375920504091589,-1.30606404500257,-0.514027833495491,-0.863324354753129,-1.41312250797362,-1.43228735125284,-1.44764917200147,-0.612706525090983,-1.19350380530043,-0.977212496568886,-1.71316518808896,-0.727822067659068,-1.66886528590743,-0.806218873068445,-0.697409234452396,-0.501467109978813,-1.76796578764677,-2.47488080633354,-1.27389953738623,-0.945296513035219,-1.20778432293775,-1.81279088068218,-0.821681059001035,-1.24782204772553,-0.800570703748867,-0.514670502643007,-0.649604189526358,-1.03084860980709,-0.94809665022493,-1.29864897227447,-0.284133989316757,-2.64287268542619,-1.01383291836975,-2.62854967576696,-2.49919610975279,-0.454709275447964,-0.369994513770589,-0.83768308480989,-0.423403095769188,-0.44619827177066,-0.594626797796984,-0.950943542815982,-1.92429324331049,-1.16670289129394,-1.57008802124007,-0.914216781020068,-1.80414417795836,-1.08646844244423,-0.75460396169984,-0.736157895611728,-1.75783503354605,-0.997244493986211,0.1156933459393616
18,JB848,12.5913061350584,0.197063144135034,1.27822764426886,0.237503968698976,0.415563508614118,1.56817311518494,0.208119004588254,-0.20572912082904,-0.768543538871704,-0.357449724255096,-0.0110960738826996,0.114935490917246,-0.160455057146067,0.179862882317314,-0.536509878117827,0.22650739428821,-0.155224883567083,-0.901700725804489,-0.152724975574768,0.132326827664092,-0.338019316178544,0.0804157478517135,1.07110161850275,-0.399255877489632,0.525450071699991,-0.0022757493701625,0.0263045187337972,-0.534823940831374,0.0174636209662745,-0.488676145311343,-0.884536896601934,-1.04295307116086,-0.376875800116309,-0.856455379172353,-0.08722723495816,-1.7282673142746,-1.63034448012855,-0.864256882976324,-0.065498048723828,0.305642827119291,-0.133419412001486,-0.256600218490639,-0.912431026611445,-2.31099171326125,-0.894182246936323,0.215136076781983,-0.760266466126148,-1.19180482879383,-0.472932614353113,-0.290924285074221,-0.215390169333033,0.178087854052409,0.104294457306448,0.164104214421588,-0.239755896894992,-0.362134221594917,-0.153376708715286,-1.04248893332289,-0.0321590059489306,-0.872053800541392,-0.451805252573386,-0.139887884206588,0.0520207745482795,-0.057333010199903,0.0901794762005234,0.0271295298652249,-0.0858799009108723,0.44930869200826,0.271481769710526,0.367774874051087,0.194317569232362,0.454379564241936,0.392287006074104,0.375146209970814,-0.391623622762625,-0.0289367504356303,0.242346430406772,-0.265579126188266,0.3384144271873259
19,JB852,8.07907972388097,-0.329707220570727,0.123358919269251,-0.357873386066638,-0.373683420320957,-1.94796925439296,-0.962663144971102,-0.522568642791368,-1.09734309503075,-2.73258386641574,-0.840481946533388,-0.781157886099576,-1.32152629201055,-1.23517531075859,0.245317531286098,0.294604288030783,-1.68881306981936,-4.63923922518807,-0.12879403612819,0.0205518379859891,-1.57502814068344,-1.16286031867902,-0.51577226299279,-2.02308130389014,-0.019049953676085,-0.231461560626161,-0.577428472385028,-1.36549075871859,-0.726686511301789,-1.19000007566655,-1.51259178302856,-1.33250544570953,-0.703891795807264,-0.659373594275562,-1.16296716365904,-0.953113055447399,-1.37005927540166,-1.16322898883275,-1.45727938162286,-0.717612214393564,-0.6031533391662,-0.875075496057435,-1.74600780241066,-3.13347314938991,-1.76564832639748,-1.21035212378828,-1.86965562246773,-1.60416759058071,-1.21743795866342,-1.76853814106007,-1.12974675638976,-0.193605931528189,-0.362169510619202,-0.869783355901423,-0.67557232771769,-1.63841393443922,-0.314706250503892,-2.57522734148756,-0.671701106113051,-2.32160227861554,-2.64742395449488,-1.42478381779185,-0.0375947626432111,-0.69987406248365,-0.351429917569527,-0.393806344491375,-0.44287562760787,0.0174729224089665,-0.450501111914719,-0.325500102135303,-0.766061557378828,-0.0465183216425822,-0.0370591459118836,-0.0931507043670184,-0.382025427144886,-0.220583447264224,-0.879563949851363,-0.541603039828591,0.1852934481852302
20,JB853,4.1391503363136,0.212927318028471,1.03946361556449,0.544939506945613,0.429822340271173,1.27806161086373,-0.0958049041134002,-0.0853750223690513,0.0347284771076713,-1.20205216311823,0.110156705422802,0.114758457799947,0.0018356384572556,0.655432875758146,-0.178525402615522,0.454701793126018,-0.0699237378666092,-1.54345570620434,0.193499390080703,0.559133145260412,-0.176684720177927,0.155435323506193,0.9107689319654,-0.401615109335203,-0.0233032610252439,0.216221129866549,-0.637074361025534,0.0455929717301784,1.14058025779435,0.365790477314813,0.426329821757201,-0.437619147839607,-0.377594898352022,-0.203290064279492,0.111114252734546,-0.151670433364471,0.0344616153141234,0.244605077770271,0.78304927563178,-0.0135759012031663,0.220608097249346,0.0527793921736731,-0.229682235490572,-1.36172559467635,-0.0045415539180591,0.558811223763007,-0.304886370218331,-0.416421143488744,0.0087296336707226,-0.0590465014699567,0.0657754177543722,0.251884783129856,0.0841368479264718,-0.0232135100406377,0.003186364440278,-0.260030993741183,-0.0902810084446429,-0.57975514953991,-0.0135445412508447,-0.306964796402829,-0.0042258270750288,-0.219876114146077,0.397387536327142,-0.238520524940502,0.0357185856292682,-0.001790568993416,0.0345398230938583,0.484263235659544,0.307533690714417,0.286469068445965,0.438434528892473,0.4825034130449,0.421217219321311,0.400763010838466,0.110307177218793,0.216581810931046,0.301504177467266,0.0601917344344423,0.0742072402899032
21,JB854,13.5534632786738,0.162887696928365,1.23345705533213,0.0090393664864958,0.0919749737474614,2.72048162230153,-0.123159882866527,-0.181113654489587,-0.365496855389562,0.0124834383299066,0.143703186592532,0.0305236901095782,-0.268017970909912,0.614525704532218,-1.37876070115304,0.766758575881177,-0.0587450531132642,-0.362775940976119,0.087220004509477,0.230803455147371,-0.157005962555027,0.109073395930319,0.960908578334862,-0.327355687506124,0.769305005967016,-0.0075166979579799,-0.155394787966481,-0.341520849935356,0.34612445694632,-0.145896901601978,-0.0396962548540826,-0.561711833310781,-0.788279051344116,-0.417046704047337,-0.0525225256363196,-0.667818623056813,-0.321619804053246,-0.0766007457764401,-1.01449112587801,0.142631724679137,-0.0987881763770285,-0.0008737037634428,-0.300287197574808,-1.70388894589993,-0.143946448909544,0.0874088046354986,-0.633121487166085,-1.01633373760022,-0.155861961848872,-0.291265804669026,0.0902969793866395,0.0794390454128035,0.0851025644980796,-0.103459044268512,-0.106160893120408,-0.221473488359855,-0.135985064329817,-0.496488141347015,0.0556260373299822,-0.61741702924079,-0.367561017616105,-0.167796069671521,0.14527434681077,-0.189200974690655,-0.0549973034900777,-0.0604038126208436,-0.0489247030135577,0.285752417130338,0.0442677578208949,0.182886409557561,0.222556191663806,0.342005922861115,0.114083772647083,0.257790944157008,-0.352301660599067,-0.0055164175531561,0.0313926961338821,-0.068902569898446,0.0588687912062781
22,JB858,4.76706715970159,-0.174119813217235,0.794964882192478,-0.266764135050596,-0.211531042410087,-2.21983398281891,-0.820084216580931,-0.408841421928985,-0.653755525400419,-3.37264994623894,-0.0850541594121587,-0.752689980821357,-0.984447434973716,-0.837397017541453,-0.433123435125157,0.224649948304882,-1.94149822388467,-0.588467105768824,-0.117497177709443,0.0234188794982997,-1.56664802654341,-1.46064995815045,-0.36262850261562,-1.60961902948966,-0.179075376519591,-0.223089608860038,-0.268582515633345,-0.417848751267094,-0.131041975996073,-0.544156712113225,-1.12290624964124,-1.10916538345313,-1.00132915713756,-0.625925585251028,-0.309492186270496,-1.01254963878806,-1.59766429624812,-0.609508027309729,-1.39186070182183,-0.833450109121062,-0.244797901202646,-0.651414033488173,-1.22881758256238,-1.98780794228607,-1.1277406129524,-0.905125898879613,-1.24071363571788,-1.61076945325028,-0.877563784086565,-1.19187282352378,-0.856884070351059,-0.122954627083006,-0.402744406261186,-0.836511276456396,-0.33995735509315,-1.44292574628166,-0.121218685580335,-2.11701607748366,-0.370458005916729,-2.47133470463086,-2.5314629434206,-0.587967680225354,-0.164609300781306,-0.618244904212424,-0.340649965600385,-0.291673315641238,-0.24404755303523,0.0710760575043475,-0.416379618120131,-0.055950606965232,-0.759500028194298,0.0236120768090707,-0.0737256330810803,0.0238506762143999,-0.540967402131632,-0.268530337743878,-0.713444042412592,-0.556801335217607,0.1617098484285438
23,JB862,17.6771357443174,-0.372510610853276,0.987392063747512,0.155769098389691,0.252165951674777,3.22745817358319,-0.597887183665391,-0.414364278870382,-1.36988059608158,-0.515387440554896,-0.106714953544148,-0.342651069934788,-0.218979793418817,0.108663556423923,-1.80086542243285,0.236398814834894,-0.29741836539542,-1.7267116617793,-0.0545800501586922,-0.0611086192418491,-0.322929915923662,-0.106746668634791,0.993127929794389,-0.454272940494485,0.449848079111871,-0.12836403569565,-0.755050673061059,0.125034392818165,-0.101026837712182,0.204744737170607,-0.311137438062007,-0.568857463159427,-1.13443498094479,-0.476363304664145,0.147185998841929,-0.864450373285059,0.30813401653453,-0.412687426710862,0.624162473514643,-0.0991084655504189,0.285068961968404,0.0065982698265819,-0.371043318366589,-1.79551599892863,-0.651172820306294,-0.0534544308511796,-1.0568500769505,-0.525102270239899,-0.537665196509084,-1.24855870317809,-0.306914105164249,0.0319303238360218,-0.219094700704154,-0.747774817445616,-0.576924320476507,-0.405388467674148,-0.670733358916724,-0.357454553187273,-0.24204285689397,-0.583735462135739,-0.011748103422703,-0.714359981824688,-0.445711524177001,-0.321405870205497,-0.225501312372864,-0.232521986415062,-0.348987827494181,-0.158847517063133,-0.256420072799146,-0.185662370498309,-0.120414020266562,-0.18262711965944,-0.282124560673706,-0.038161024856231,-0.636304403220402,-0.431082913021869,-0.0404802424170824,-0.577427061942331,0.0435394495899586
24,JB869,7.36053758079689,-0.468241506971859,0.720846787843137,-1.50279884584227,-1.31986298758163,-2.13946886542777,-0.613287488174607,-1.23127614903596,-0.914770018989045,-0.779288634235902,-1.80122460882566,-1.64048034342155,-2.18074859515292,-0.968949876673912,-0.36866099832539,-0.32476861786776,-0.388589917436891,-2.43598667627101,-0.34504081334653,-0.443709154543119,-0.799115426733575,-0.332563812302379,0.211180167628427,-1.47375341757712,-0.695562023025351,-0.492084060069055,-1.30801028713327,-2.30496192139097,-1.47095263222166,-2.08524897709492,-1.35806399934819,-1.29979757330424,-1.27999776254326,-0.860831892910514,-1.80208930810328,-0.783813431324631,-1.16558783234245,-2.12005149957675,-1.39584340671228,-0.279320823071706,-1.64857616945786,-0.788445138106826,-1.1234437752817,-0.674187192291789,-0.903179768348155,-1.33916415771211,-1.10743310366531,-3.07340454885816,-1.39145382866461,-1.09396156815575,-1.29577749441368,-0.445023951899489,-0.081631992940391,-0.663946070168345,-1.20713469686585,-0.908086057899345,-0.892959802934879,-1.31100352165369,-1.69129335211281,-1.41204488637464,-1.11157204475317,-1.12237313032433,-1.31685881698484,-0.619207535241343,-0.771602807439111,-0.261008334696131,-1.54443915320248,-0.930407338813932,-1.8508532722697,-1.31890806243735,-1.35443985215445,-0.923061854423632,-1.51140421882119,-1.3834456359398,-1.49231587730778,-1.04392487725468,-2.11441497760861,-1.48955105708978,0.3408908707844842
25,JB870,9.08626977387848,-0.0440291987546148,0.864306046180213,0.194438773183416,0.146601978893322,-0.26792333805039,-0.232051712344125,-0.822590009561602,-0.0507628537289157,-1.99498437814768,-0.143537437860035,0.055278580127723,-0.0960386204182308,-0.123406278140403,2.03890651240167,0.186439037683999,-0.244819193620751,-0.27008748261132,-0.174525186646656,0.187125038419699,-0.340885204157942,-0.0370930490535886,0.845325856694874,-0.438839530406814,-0.885500096143389,-0.157701051411371,-0.67196107945306,0.24030108519467,0.680534086350877,-0.0418210034479279,0.131171832250436,-0.909225325942605,-0.730526790552929,-0.177917207559977,-0.168042866629575,-0.23805334226509,-0.813717684776627,0.0201472240789852,0.331023304991719,-0.100439283695574,0.0135921141045727,-0.204951094448505,-0.603554378007663,-1.12932328495994,-0.424245345387874,0.299949375350653,-0.63349760157139,-0.619948567274874,-0.646978541271962,-0.501471227340071,-0.274436917504544,0.146961071431428,-0.0571420225445316,-0.183181836847037,-0.13269314794567,-0.298902051483517,-0.276213689517563,-0.72971963021058,-0.189269969114685,-0.878393407051726,-0.656364380149244,-0.293191621414714,-0.733065943205135,-0.412670642682337,-0.157938907292636,-0.21150954100453,-0.257138714607614,0.130124194647955,0.073716131435948,-0.0654128113314414,0.0886313036610866,0.176355552312726,0.321268046856253,0.368571993780777,-0.624737831355541,-0.567227770768579,-0.279487948494171,-0.409793491113821,0.19692026553519
26,JB872,16.8376374573188,-0.771303659765105,0.321165709408132,-0.620684690721659,-0.334768811172223,-3.13103180624885,-1.03768988500625,-0.422105025286204,-3.1730554791434,-2.07338679935148,-0.69096310010127,-1.70815879443324,-2.2732052477249,-2.94173056794709,-0.411343411429266,-0.256546022165742,-1.85155120996972,-3.32868869725538,-0.783278817202479,-0.53441598409062,-1.65834550646929,-1.29138849800141,0.0374646833087767,-1.17765357742264,-0.343725967422724,-0.733498774049094,-0.577151752004635,-3.09404771795383,-1.65521426623346,-1.93389098375363,-1.84389822984093,-2.49234050808247,-1.0167615187028,-1.35233103030227,-1.6703022303536,-2.02714354491709,-2.95719675745695,-0.989893345447941,-4.04130100408274,-1.3964185869773,-1.44935951111259,-0.887012296706243,-3.24441108533934,-4.15239647619949,-2.19456014220592,-2.27730200231944,-2.1110431487776,-3.26753793391174,-0.920261370188271,-1.62863182980732,-0.567928527260667,-0.50231976740137,-0.599190941102209,-0.959919435976348,-1.00327922860083,-1.41209376991102,-0.490931934014501,-3.60831837622203,-1.56079488439109,-3.20603762780904,-3.66968530927102,-0.9726007894493,-0.640930114572555,-0.941299804964133,-0.638243962205484,-0.772693353072249,-1.08820571183393,-0.531306567883693,-1.10359429846892,-0.553284914042679,-1.66004402395893,-0.566726120998638,-0.96241012976056,-0.452202831750514,-1.13166975306503,-0.826696592228878,-1.56491337930297,-1.03740228932776,0.5778509179601486
27,JB873,18.3147102191844,0.136006875680241,1.72207071772882,0.111551907604897,0.119583894850335,2.51528187559977,-0.0187352145107034,-0.270131719849503,-0.701274250635473,-0.65700347869624,0.227428923316914,-0.0638268493081481,-0.0731733639552417,0.592962923590274,0.857748408872208,0.464570534753029,-0.0806948212963623,0.103803129918732,0.174736713328828,0.388783881728763,-0.10110719570195,0.166876377236783,1.53238267958099,-0.0164926843342865,0.858535260005611,0.180210657243374,0.175540576499604,-0.0767952582966528,-0.1768132086894,0.21920309378096,-0.318806304140594,-0.598012672498534,-0.0642672410420178,-0.390924209691217,-0.0891069863527479,-0.95208819733158,-0.898496675211284,-0.367717110845408,0.100772548798325,0.396002045495876,0.159865821883746,-0.395161471658977,0.0915549219295834,-1.55808798079681,-0.322964265650535,0.657692134577139,-0.588607126243994,-0.767836722342326,-0.101626430771626,-0.167530928015142,0.0655815872199595,0.303251841619322,0.150481877687636,0.0542115587566284,-0.0647060766944988,-0.129238532319845,0.184840308404867,-0.17250754824459,0.174197664368512,-0.111384917034744,-0.0950789997901685,0.171438238088292,0.181233411534512,0.0541531833999061,0.0598395865937461,0.103823700576389,0.0901154243010466,0.424052560880708,0.318918579422796,0.298380702898752,0.285020477680854,0.467187942725861,0.429777989368085,0.476771350649184,-0.197414225117761,-0.0075834662008849,0.241179087931573,-0.0143149734734403,0.0401207928385683
28,JB874,9.05062511421777,-0.0811059467663184,0.900356599851824,-0.539556213128016,-0.742092974983839,0.0067481020950974,-0.0226567697148749,-0.376147214929366,-0.319491464145521,-0.906115851945675,0.0495099724323381,-0.523210693242744,-0.169352046166631,-0.187519355251811,-0.0060042686562072,0.210365404006893,-0.869329944382599,-0.234023806496813,0.175910387098517,0.304011256355216,-0.476712617199344,-0.228431654744469,0.81797165482025,-0.370875720656449,0.196377614025905,0.0709345741950091,-0.430770911757301,-0.187334510988773,-0.81248505951139,-0.201326643937183,-0.631224795137808,-0.562675491547134,-0.688169408458085,0.0538690485267202,-0.208122518203513,-0.907211605823581,-0.627743290942842,-0.184590135509986,-3.13251160380115,0.111138272560518,-0.0891838566223734,-0.238194398403571,-0.580157079732502,-1.13607543989215,-0.433053922444195,-0.0377251477257185,-0.754360411801768,-1.26374597121776,-0.3008888373375,-0.439207950182022,-0.218179361649766,0.211289872414565,0.0630486008107369,-0.094538805297993,-0.311985426370785,-0.631401482922197,-0.246288413817533,-0.81476566036723,-0.0028270582725818,-0.665201185342007,-0.877496228275777,-0.428839232362175,0.0012250729223228,-0.083203815328806,-0.0993509062213193,-0.0124404502792738,-0.0866089228178781,0.196620692299937,-0.0752551028835501,0.0484996033793649,-0.384239312888582,0.159151621709047,-0.0201403125765401,0.137098582751304,-0.165511421685449,-0.0637167600933625,-0.190517445489658,-0.254720870000336,0.1301131922751072
29,JB875,10.6926994129838,0.152149714520948,0.934093623718817,0.229755591487987,0.55168936781172,1.2687560343933,0.038827192526657,0.0338134735473487,0.0525855626272433,-0.52843120784387,0.31006414942326,0.887612470898637,-0.0327385640162753,-0.655179300849984,0.304924418217023,0.924710683375494,-0.804035660633433,0.221638024029565,0.0212569849887505,0.29490166876635,-1.03640269097694,-0.522501295609028,0.249404867535697,-0.549459046915053,0.130635978059826,0.0962860013449973,0.227200834762174,-0.453247778269437,-0.355014008148109,-0.250684209924924,-0.682307272969467,-0.502657805080269,-0.81877039238563,-0.270066936402039,-0.312412987627093,-0.985380989481701,-1.44383468131045,-0.245266683994932,0.0842576366645506,0.0364362463247821,-0.423658498433262,-0.124318044530327,-0.217122098389312,-1.32879498608228,-0.42628788078698,0.0865350076645913,-1.15612063273571,-0.958411032555052,-0.14018553776986,-0.34755999298181,-0.816650951837157,0.3209791143335,0.0929701363110214,0.0225742973013262,-0.148253496260009,-0.67185881540468,0.255963455405743,-1.19578598609524,0.0147160964300382,-1.33377122196565,-1.60246324892567,-0.301485198740481,-0.0501896825971649,-0.160960153523219,-0.0291323638288099,0.104106565604057,-0.107339375232751,0.255095419227417,0.20854309874674,0.22303344440098,0.201710721993848,0.198239401905055,0.173066667794769,0.264080576289253,-0.148538490448649,-0.0655329458161383,0.139229410711473,-0.300629461604603,0.1392689952244663
30,JB878,10.7382999055109,0.219675343144091,1.85133394275665,0.343220123426412,0.379621306739995,1.52996025575533,0.362897534355625,0.23638077593487,0.490592775317918,0.0603392171205879,0.512532443444038,0.431260860866768,-0.217169939184574,0.941513274411527,0.402824350011325,0.948017436309955,-0.139654865992862,-2.36623617420413,0.383694010304699,0.512542049056404,-0.0541279957921765,0.10587163770946,1.45928081734299,-0.0078382851752755,0.973584008877132,0.446218904769019,0.0132434828605698,-0.303728707398325,0.261588063522868,-0.0032260511200779,-0.0966774278710122,-0.542136273977314,-0.0519392719266282,-0.134570419666847,-0.109879800133657,-0.650025053774063,-0.532257467502302,-0.0742678772593561,0.736740080762942,0.168715156154239,-0.263542224034843,0.22485762240316,-0.399634229195061,-2.00467634224415,-0.468339533403196,0.987430424078609,-0.681551630399787,-0.496703405990457,0.0623883897986202,0.0111935165781413,0.275130505912217,0.539872097570523,0.463108827951718,0.288488514661253,-0.0957293268436574,-0.136688018436981,0.0690914751050565,-0.652570196154765,0.146376521880275,-0.614887417078364,-1.31945006420893,0.0247227424042461,0.213950247002632,0.308130880474768,0.414396747362434,0.43668676252772,-0.0489256034278217,0.279496898592489,0.186407054830708,0.222574204210419,-0.300707435162662,0.337347019200408,0.252302471813055,0.270734080730551,0.131163609235219,0.0068934976058047,-0.147825785959926,-0.0147342799034279,0.0213164116951658
31,JB879,11.2469037950249,0.166747668836378,1.34217421865956,0.0271100647829577,0.223286408762425,2.24480118453663,0.110695156098902,0.163391389556728,0.560178439903127,0.337188873451066,0.207865313402023,0.2989391454738,-0.212744797502762,-0.43072124266733,-0.236279942459914,0.496448597308919,-0.898247353168371,0.0584556309752719,0.201123616671937,0.33440016288459,-0.850424731441611,-0.328035404493824,1.09738955947465,-0.0809138959298205,0.686844814651394,0.181803719762353,0.0524112376192495,-0.140611142863402,-0.700546279793972,-0.0088227577478899,-0.262993214898714,-0.261065803502368,-0.04916971510165,0.0206163821161773,0.0325534271199697,-0.280995618492929,-0.149838069141565,-0.0896589264424239,0.105251436611671,0.199913193749117,-0.198232674369654,0.16027416459244,-1.04480591666583,-1.17092134997401,-0.0602035694610662,0.693928425008992,-0.727970569418702,-0.685742882873772,0.0339142604144722,0.079208640953627,0.110670909398693,0.294191290773133,0.188233838736988,0.218256734752977,-0.0791106953788151,-0.624368070451833,0.0783970998977423,-1.18054894392878,0.153795553452821,-1.30626752716208,-3.4214258037707,0.052094215971761,0.0481729636162863,0.0263489353813344,0.299297864993725,0.263745546019921,0.0254813114122397,0.270029263937106,0.142715719067126,0.140220003957782,0.0154565588647142,0.276138813892295,0.123793280254578,0.297235205499016,0.134818291326026,-0.0851458568028214,-0.006298407321709,-0.13706949213417,0.0700569218369391
32,JB884,7.81531558510763,-0.369157003606492,0.157500941916605,0.0435162139792193,0.265091768160627,2.103414158502,-0.0509236362393126,-0.234138719953539,-0.0759275071543427,-0.399875452381831,0.0453584748336528,0.499707628998483,-0.177234650691001,0.133188102478566,-0.133950155297035,0.599157412431548,-0.554229596600784,-0.201472894102672,0.0298557287120758,0.152652359723239,-0.475568848706844,-0.287891466878843,0.489976370376809,-0.284009414875715,0.829137828627152,0.0043875922246393,-0.206423554465838,-0.35621229743639,-0.768691247141345,-0.329876147173511,-0.51788156887338,-0.743105392472172,-0.485791270000501,-0.675786609759037,-0.404987334979702,-0.961959159383345,-1.52246143771897,-0.129538794325077,-0.249853728700794,0.103328657208647,-0.0614727896184036,-0.085078205964445,-0.156806324688882,-2.09495095470679,-0.343716085822343,-0.252893609450808,-0.76911660202492,-1.06003212826462,-0.217919552724514,-0.22736715886294,-0.112512751320103,0.281592594902766,0.0755444524088371,-0.0558637854969537,-0.357105546444595,-0.600226322300298,-0.0394125484437911,-0.811438211453843,-0.0748182442960273,-0.739080359433692,-1.45125314354685,-0.214896806638781,-0.0864843884460152,-0.0913425271424924,0.0913959784126212,0.0784980818923524,-0.1895274985325,0.150557799059697,-0.0826567237307152,0.0379114526807154,-0.0292904585879043,0.161681676870545,0.0082681047055895,0.0980041033786328,-0.184729380891022,-0.242692025535831,0.0242554341600339,-0.323014534262949,0.0412706040757585
33,JB899,3.06907773525907,0.518387354721944,1.79607944522304,0.505440548736856,0.366756619754165,3.47517737535003,0.647770532581276,0.229056846594032,0.283974055747404,0.19894040448123,0.439193258748928,0.179397897415448,0.146415080092574,0.649587308974747,-0.138819105365388,0.572861143145835,0.402735008897655,0.506791956798464,0.503602676915999,0.594336206412511,0.25633146946771,0.570601145754139,1.55836829612116,-0.0543622991998056,1.50344826662008,0.401186578672619,0.143971596252371,0.332320496478189,0.528215427927574,0.635078442581148,0.232035415881871,-0.396749689454584,-0.184848790111808,0.611811981185155,0.0255756313037599,0.0279937916576023,-0.49008916175247,0.322460526039449,0.688063041767277,0.66424166593085,0.0589782736042508,0.307592720060729,-0.111890220006469,-0.600190875226591,0.239662150338055,0.172009225622521,-0.110539188042853,-0.183678883122489,0.217693759324335,0.442425717531042,0.444072620991924,0.819661180371466,0.846633479665744,0.654902949110373,0.341129788064321,0.255357552737427,0.432083785360552,0.124185366057833,0.38398301474708,0.354174570570105,0.588724443727262,0.350619149724771,0.410326751083912,0.556223383556552,0.520386370672023,0.679398003471239,0.351163004642744,0.448572556601983,0.281082470817719,0.333482301205422,0.165904320574993,0.545875685830991,0.426110083397622,0.528919465323187,0.194844362568087,0.349913147174375,0.0345103639397098,0.226001081056878,0.2098923093385885
34,JB900,10.3886455098277,-0.127734587051107,1.04373453013994,-0.165506984539675,0.027524907826747,0.524395545236282,-0.112722301843472,-0.347923020840189,-0.607482860348765,-0.353274654838063,-0.384260825214259,0.0438504724552601,-0.599111312772191,0.526930708372364,0.300575875012013,0.527800306265483,-0.112018394786134,-0.491397533052284,-0.110210480755111,0.0350661274689222,-0.309924197537147,-0.110463529124436,0.838777622957551,-0.243032703691463,0.544294505808777,-0.163803319669036,-0.536145490870342,-0.513340893861053,0.19265946001805,-0.220549306789547,-0.676834130741222,-0.595067907830764,-0.404228170221776,-1.00792857617838,-0.202338731529349,-1.51828660151172,-1.12491852342176,-0.655792153389906,0.294082528535248,-0.0853102115496054,-0.06299459833449,-0.141425434798662,-0.59764809879189,-1.58177047143606,-0.368501270063084,-0.359818469285325,-0.432515277073878,-0.426019643496294,-0.325091026189445,-0.250185469991278,-0.228959424253407,0.211481767220758,0.153352153384175,0.105818362507718,-0.465864007393736,-0.378500649888615,-0.376296486184141,-0.202836534997614,-0.284757686135442,-0.357749056840487,0.331694845845642,-0.422673951352175,0.0026619729831164,-0.320608653495084,-0.0474853425030915,-0.0351624057944052,-0.31192178785206,0.154188361729623,0.0168489280540557,0.201353164143037,0.131133293400027,0.112265187285533,0.0421975674014649,0.150472149283064,-0.285973510113887,-0.264417299337623,0.000593714790074,-0.348371771518371,0.2249664374809911
35,JB902,12.9543635005242,-0.0388390344546643,1.03746796981636,-0.10897253392462,0.0716534005613614,1.80812303895962,-0.380571489745543,-0.433366528320498,-1.11655974390608,-0.645546688316073,-0.292234429616087,-0.238957378109818,-0.123638263189934,-0.240558186359772,-0.504089264941229,-0.0731885837675104,-0.216596380359482,0.0691321876071667,0.0206300175434379,0.173497726511295,-0.171119184127218,0.0875154100527879,1.00844200183184,-0.213486149841059,0.44584890607739,0.0609415432678037,0.0150744661805329,-0.348925013544063,0.616721125499824,0.0610714027519676,-0.455791849190376,-0.760207388326573,-0.118157725965098,-0.327745551894738,-0.108674711011873,-1.0518928303401,-0.864552579024247,-0.403348084532686,-0.9167616189343,-0.152406014161215,0.050796053781171,0.0708390447001132,-0.22250806062024,-1.01704002734948,0.113204381578024,0.227960604557281,-0.341457008851038,-0.541291999247747,-0.0758968288539866,-0.608095658026752,0.231722003649875,-0.087276679025462,-0.02134118886872,-0.509353445803851,-0.220406077533619,-0.269602565260814,0.0168144689373882,-0.177071083796832,-0.228971803513715,-0.404322288326376,-0.179337107773143,-0.0162687602569672,-0.232677336511238,-0.167496766166263,0.13727564675129,0.213609435148533,-0.439635470789679,0.339598398437236,0.0334592709296323,0.179992893135392,0.0575174607390203,0.308055296875226,0.118689512229573,0.236846227519039,-0.404077869104008,-0.313222813933614,0.148574333512283,-0.344964126704229,0.1899990577210393
36,JB910,5.46464070998728,-0.235526811482985,1.1656924065868,-0.613063932129755,-0.2865947779676,-1.12692155900869,-0.376714062629836,-0.984540582319855,-1.55302664598711,-2.65838852135066,-0.73838577736667,-0.919434263962168,-0.796527052876394,-1.59200866269183,-1.34466892626263,-0.840413627364029,-0.380288170208753,-2.96267499502676,-0.350900585721961,-0.0576362377779646,-0.37855797885596,-0.190036569046974,0.850007465398679,-0.376625751462173,-0.457112013041783,-0.200379358271761,-0.500648518018056,-0.924998691242284,0.490595282478058,-0.676522874847472,-0.833223654735657,-1.52582677690278,-0.459415926899914,-0.410823431560317,-0.855896982622928,-1.21558873935646,-2.04621660822857,-0.752255074099729,0.13927916112405,-0.295566133115419,-0.776367423295952,-0.223633581375333,-1.12733248070573,-2.22754412193992,-1.23890046609098,-0.201886207837586,-1.72731543672902,-1.6043791873469,-0.464611417078729,-0.796002344974596,-0.12649685000142,-0.0507584200953432,-0.191403555277204,-0.479646066942568,-0.332066725754952,-0.288593805262731,-0.110864696046203,-1.01300964414265,-0.368959104963338,-0.833908041511022,-0.946520069604937,-0.180698208781967,-0.401019635584778,-0.466093996130222,-0.222213635645904,-0.203996262247795,-0.460217568277584,-0.382677764237174,-0.529394714795354,-0.437874961906078,-0.184963513112766,-0.277116275794039,-0.283342621354138,-0.28095061909077,-1.11221016368216,-0.461462763038244,-0.665734312939736,-0.497980700508652,0.3943935148191311
37,JB913,10.5577893107875,-0.201787308735391,0.882799312809758,0.0668957423907944,0.38434825511682,-1.88102108562415,-0.201110011012308,-0.274122535188069,-1.15054725310814,-1.10042263411363,-0.148404225093869,-0.485535421140024,-1.13789406207787,-1.14862981286373,-0.721314869334282,0.372102684521065,-0.614787996799908,-2.17776100333854,-0.185410213238924,-0.159411731080294,-0.684444516767446,-0.335741016941587,0.631825118995927,-0.299322493175729,-0.07552676108264,-0.162057549716774,0.0808819506777434,-1.73210341897099,-0.216121266920867,-1.00088889070806,-1.0438387628427,-1.70222218100457,-0.921386633702051,-0.403824806597152,-0.924255657561768,-1.68719185716705,-2.00642580333893,-0.678621035436964,-1.27373298658451,-0.574581971571508,-0.931199142166112,-0.371028723521323,-1.23421199189277,-2.18181707623966,-1.18263934257827,-0.51367871324025,-1.19763712844185,-1.721793623286,-0.366747509133904,-0.588612262708145,-0.132124687914567,0.0406713451037339,-0.052360734686215,-0.263183486187878,-0.548412502794432,-0.742561779184175,-0.0586307222065348,-1.76389926538766,-0.438386020582249,-1.56284600712518,-2.04405613893007,0.0068507403655772,-0.346971837204433,-0.365438306019953,-0.108512939618074,-0.155722554023254,-0.461010599264912,-0.234824659351299,-0.494262936374934,-0.248627204622017,-0.97751938169957,-0.222889888523175,-0.290194763649249,-0.272565543209174,-0.923623262244529,-0.513686399206826,-0.806285753680263,-0.578140587304589,0.1900902623362431
38,JB914,2.70573622549377,-0.537159922290882,0.713164939103692,0.0881807790989829,-0.0629581300215108,0.414943734798646,-0.454502016845728,-4.15064785462683,-1.76225392972056,-2.03967345311765,-1.95147074243744,-1.49758983061762,-1.19145582718619,-1.36710754796002,-1.18778081836226,-1.04646395454403,-1.24123081576345,-2.86482880587205,-0.289916599809779,-0.195843420031146,-1.20102012186955,-1.10443426664829,0.31118883143132,-0.931140073053847,-2.13231548578432,-0.365208482014714,-1.83735959129613,-0.647831244255338,-0.606056183651142,-2.38589997109135,-2.6881032418941,-2.69615040051022,-2.03788203793123,-2.7655496756344,-1.27291982599567,-1.32199643565851,-2.33713090278096,-0.61131415101285,-1.11860562601789,-1.96284713524072,-1.03481202032877,-0.351314992052827,-2.28303666631876,-1.44501926725206,-0.463444700554731,0.0279857169305031,-0.834184937083398,-1.22889077851528,-0.874285106307254,-0.366326508595739,-0.431773037516016,-0.25290126128386,-0.373004182648243,-0.475229245030551,-0.326926031642904,-0.427634211282353,-0.755381844310793,-0.819377715615251,-0.34785636176389,-1.28355214631155,-1.03143504994145,-0.935505098691705,-0.694869068462455,-0.930322929360702,-0.499821936379099,-0.339232467756692,-0.575177464349875,-0.291003684444565,-0.42224600815866,-0.300248155517909,-0.799101113932078,-0.222784676985125,-0.0128077661513222,-0.309114204795158,-1.11790832231065,-0.548546707546889,-0.86751520869689,-0.921119623377837,0.9364083687840986
39,JB916,9.4047979455992,0.459389406182829,1.75013057477895,0.538805429178111,0.546518834367725,-0.921574654849251,0.0873867197531506,-0.0075966184683612,-0.9192801899571,-1.35492352324197,0.316606743132953,-0.330733562157517,-0.946882784295666,0.577481019907623,0.119667593857318,0.165093996960912,-0.101656639599875,-2.51906083390598,0.114844650507085,0.560468910995105,-0.265891570227611,0.172471743198236,1.22801585293422,-0.269180726140127,-0.099785313751793,0.105324274213523,0.346191441599749,-1.90157997482929,-0.703783792121542,-0.0077694589585596,-0.571866321969165,-1.19128150403217,-0.767463942746545,-0.328469514256436,-0.60479072323926,-0.490793513837957,0.209792471555822,-0.0346078614970618,-0.737497731652015,0.479493215863276,-0.497855716860895,-0.15287543174529,-2.37263738725372,-1.56619546982496,-0.807704888626686,0.0390796397698689,-1.27385141823816,-1.79491324836757,-0.372101452485634,-0.0461088223299399,-0.227928764919968,0.202915345032829,0.138650703705106,0.0232720845298028,0.0901746392879312,-0.346457347898276,0.236055772482694,-0.649249891005332,0.296309473644505,-0.250822812872869,-0.697194177547311,0.409013669170959,0.576993246995895,-0.136986985833451,0.0744084424292321,0.031642376410437,0.370100322950241,0.449391476340231,0.201068975335946,0.340510524433022,-0.031650587719589,0.541463247050199,0.322761357131086,0.647118343171122,0.0109554891428933,0.294713000250217,-0.0957982291516655,0.103971299452383,0.1430230476739055
40,JB917,5.41887283143036,0.342952212691108,0.536928551267639,0.427864792552524,-0.10570597258624,-0.109057991015893,0.190324143520407,0.335216139145798,0.615258156461796,-2.605177937513,0.918644306697404,0.209207771093392,0.122220591926737,0.905316587703707,0.928279367026224,1.15319756625399,0.32873074806171,-2.31698056036329,0.337135752956068,0.527508284090951,0.204978628253854,0.341564321830246,0.796592393420212,-0.158670532545393,0.582420593429567,0.486528348601035,-0.627562770077978,0.310531798498472,0.578294483335929,0.660519057949028,0.174283348936452,-0.355544029183809,-0.545690439818046,0.026342787060032,0.668417062358476,-0.25207331851417,-0.350159237655534,0.0469664118572124,0.297649351471478,0.230958618921492,0.350812278487517,0.388434606826168,0.251217804168986,-1.22557002325627,-0.198218661570936,0.477210591915282,-0.570569183998177,-0.320270749172424,0.305000127001511,-0.0365210146556381,0.380035664954643,0.616289052367683,0.355779147649849,0.250999632501567,0.121509087359735,0.174849564963944,-0.26962781562811,-0.795692023023373,0.173039994894884,-0.945510782131011,-0.664361139062681,-0.039769327838318,0.273062450648159,0.0973589147998886,0.327976549597815,0.285735269961648,0.13742699403688,0.2646207914765,0.123288142370185,0.235943358138685,0.604118707196384,0.292053372960349,0.326008928370725,0.251637598296144,-0.0260997267663062,0.0827640897200379,0.182529631322714,0.0758255317766107,0.1152579848249567
41,JB918,10.7810875279108,0.0909002719250529,1.59956670405456,0.278003433214157,0.310122270831364,3.10651238002338,0.129033832027313,0.145511920791633,-0.387436284922307,0.141717603095797,0.25975227012031,-0.234755928062389,-0.0138288011898592,0.347797577615767,0.644519883629437,0.264444964406711,0.0302103723756049,-0.450597040922362,-0.0556653576176543,0.161570939078955,0.017725714595051,0.199854316747228,1.31301050617516,-0.297632796494607,0.751054783528287,0.0297075425527192,-0.110038203029166,0.0892417000451601,0.938453152248494,-0.0721689861882587,-0.260689635266137,-0.415252145097981,-0.360665951901549,-0.778688427896862,-0.210458330834652,-0.725949282578827,-1.29074638816122,-0.183281929798159,0.159324825082692,0.122395561767829,0.151149769314541,0.0921981826497233,-0.0193090973070413,-1.73520974985243,-0.839316640517033,0.0658341647880716,-0.656576760349388,-0.351039891534651,-0.134502257577886,-0.236820446845481,0.149299976387155,0.309064824177222,0.196401118154937,0.164192248395425,-0.142197767336252,-0.0579058888860675,-0.022568652158414,0.0730139693897752,0.115096348969967,-0.0561379307031774,0.274584202597271,-0.111078547162625,0.113823446193222,-0.0612552673527834,0.100503872606592,0.204523883372358,0.0760060812519782,0.367067101810886,0.0223825470886031,0.255297365798,-0.0831582643523673,0.40774833974772,0.146961742441485,0.406036590585906,-0.218078814078499,0.0775748801319796,0.0607446320601351,-0.050492958428366,0.0501870294199659
42,JB929,18.0649451421681,0.134836903782912,1.07476093404258,0.145506903726261,0.0736520628558142,2.13850154010041,-0.21774062279923,0.0608160474993861,-0.725259561411332,0.0578683900902089,0.245662084377757,-0.170407710138505,-0.0698437550279033,0.857004188227412,0.16742200024798,0.550573233080056,0.123443410436022,-0.894156864844852,-0.003414085110299,0.246323694637297,0.0007328326775627,0.233818943661376,1.08868742147106,-0.232077235187887,0.112424784468785,0.0001558837638793,-0.0968854554624732,-0.10749390991546,-0.852075808375529,-0.265185187045938,-0.62089104173643,-0.709902551822935,-0.829473924562423,-0.654906212920684,-0.203475776699251,-1.45450336671962,-1.12178284801812,-0.516357201043132,0.250754123381533,0.104838393662298,-0.0980534463636772,-0.0108087729371814,-0.480784871306176,-1.85663085147016,-0.632870398423788,0.096323148031019,-0.966747942864276,-0.603952952723707,-0.298812468756331,-0.835834334661547,0.0220136823930721,0.0550682257827798,-0.0019313953667967,-0.317647868278917,-0.0869794808274319,-0.0093884657081876,-0.0498410352310326,-0.156689777981084,-0.239590972930102,-0.073527522198564,0.490192786952092,0.0020519766528092,0.0535712009748106,-0.0935638521290237,-0.0019057284226762,0.0147369122138583,-0.19502693696685,0.0668504124043508,-0.202419492904413,-0.105975146906119,-0.286610414886091,0.0919892888177005,-0.137581263279235,0.0200291071213459,-0.219718448842132,-0.062838393290879,-0.0464733609854664,-0.0178535467193188,0.0553303510240789
43,JB930,4.78318563329035,0.150534337737524,0.811878752618963,0.141848431546949,0.161032309819836,1.55739299464607,-0.23934968570326,0.15109141761622,-0.373392756481775,0.0824186660149166,0.15014112873152,0.182414356541063,-0.0996558727756551,0.652727239658343,-0.285990002225082,0.632549368278191,0.0532145646287534,-0.376750968741794,-0.142722875590563,0.0990144352226879,-0.0470819259857798,0.259262199176559,0.903320582859707,-0.226400741645748,0.0506053290168055,-0.195609705228519,-0.262920285532437,-0.0695878131051779,-1.00078355967226,-0.328584476993716,-0.515099796939912,-0.62716863139674,-0.264578714509238,-0.485138172305854,-0.396894352389747,-0.934215105650284,-1.61878153750688,-0.201913589943203,-0.119709506596419,-0.295786702937693,-0.074360181923856,-0.0606744134447132,-0.219862018816703,-1.65178884153857,-0.600632681172051,-0.117974995821432,-0.742449478741125,-0.666070355691696,-0.25306615851706,-0.49245633213165,-0.0020156951205109,0.0598413467271239,-0.0516673875283504,-0.264020070678854,-0.111631292812018,-0.0841597595578252,-0.169311138263528,-0.175981930041403,-0.312981444536786,-0.0654392056803521,0.392021368014939,-0.0984134588344347,-0.173162998454042,-0.257811014684746,-0.172284425500376,-0.0639540558266775,-0.261581583322538,-0.0198454282080269,-0.183955454046268,-0.118342910299766,-0.293267232392982,0.0296425483877038,-0.183303873640967,-0.0362527716689798,-0.257482342627707,-0.169081766592802,-0.0410755065208127,-0.226374782473346,0.0952533284186566
44,JB931,5.62388594843261,0.0039981212867898,0.763036170111047,0.110927749313135,0.341700285872771,0.220932319611126,-0.383949497656159,-0.27721259464245,-0.328855418706804,0.351832949056357,-0.0564050050439285,0.282416859735134,-0.0038290945752452,0.179194605748458,-0.115515849426303,0.515987634529473,-0.318855290519041,-0.24547178344789,0.0031004871588247,0.179019347795175,-0.227345457151971,-0.0568271501429876,0.799444231764438,-0.0567671002528394,0.188939063916754,-0.188826226448465,0.0915765236922268,-0.955499407241244,0.0160248400974142,-0.0365964319320097,-0.687161337577416,-0.310623193736047,-0.277912599717823,-0.33245755096587,-0.0092877366787262,-0.82965378706781,-0.512138949072162,-0.336343785820387,-0.391844504426069,0.176321438083309,-0.0850080908829423,-0.161052745432851,-0.571506192113478,-1.84034401001387,-0.825875210688633,-0.0220687091806262,-0.736478221761919,-0.927182617033292,-0.598712664587909,-0.837383484133436,-0.0904027317754603,0.039622076978642,-0.348701983399817,-0.513041676882511,-0.250225797580745,-0.291276104760683,0.0401676947256158,-0.277057777409174,0.041177968822013,-0.489598287478479,-1.09424789789673,0.109802269500786,-0.0209705339606538,-0.567794705477603,-0.232258787560316,-0.17847014734827,-0.194259010862885,0.225055272983368,0.0459593260707784,0.224158471222723,-0.0399543707132058,0.284356017509414,0.133944828691041,0.225350022904573,-0.0875820023007987,-0.208985136770341,0.0544670580254736,-0.247982433568951,0.1847903470614699
45,JB934,7.55345377761205,-0.582326519422131,0.474454776067374,-0.906553409391094,-1.6949621428103,1.22729568830054,-0.280390015922565,-0.0587353646098445,0.636063666472663,-3.80035076725958,-0.304666354161243,-0.351683646655275,-0.24268535587715,-2.04986857353747,-0.422669633316832,-0.183261928842673,-3.56658960926157,-2.46296084474124,0.0155635933403665,0.18509848635273,-3.10945857192507,-2.91445279033566,-0.91378951401052,-2.12691857067838,0.196478606011202,0.03036396794705,-0.868314633020516,-0.237938348745448,0.208154897768682,-0.285279794059276,-0.122945394221314,-1.04543786859371,-0.937144883545614,-0.458979924319888,-0.125605900608628,-0.321978157875805,-0.787242802181206,-0.13645033888455,0.421208811154513,0.161178609450696,-0.272346522701682,0.188968262230812,-0.639995931983679,-1.10102694909633,-0.254333395782575,-0.0113931733786349,-1.00989927851079,-1.03869891138744,-0.568567740437453,-0.761816958831797,-2.01114952994341,0.161156396399003,-0.110820109858579,-0.181635697237243,-0.188653889361015,-2.05533350358567,-0.215169250483256,-2.05507830840188,-0.180312860529223,-4.12867449985453,-2.69441037604798,-0.300269109878373,-0.0284863892859486,-0.499600486246365,-0.0135285982543352,-0.216911810928989,-0.237305919414467,-0.0584192414361178,-0.081453112855295,-0.121092552136046,-0.190861349288114,0.017790488250679,-0.0402329198437985,0.0500797698699824,-0.30195348197696,-0.220762980712093,-0.152307549364569,-0.493214319109176,0.6088185345729847
46,JB938,7.5152375533665,-0.0031126007749282,0.27723084746896,0.0536891981965081,0.116068912355762,-0.0997610564134731,-0.397230429340196,-0.629861318705103,-0.916017246925223,0.124067115001876,-0.0607211200888072,0.152074993812456,0.0334967248463278,0.743095108325378,0.310818605296404,0.733345396472971,-0.62629451527815,-0.427679612164822,-0.0959069635651015,0.096284241070262,-0.442981672947636,-0.29599830118933,0.169710558585547,-0.413840993793654,0.0105208163847201,-0.088084243694878,-0.391809439978813,-0.08426689303168,0.121809425307837,0.174237783553956,-0.405746247345776,-0.414229104049314,-0.589322514990519,-0.637198407499359,0.0493100382529388,-0.690292558114027,0.0558316800752611,-0.474573207570609,-0.096459659806984,-0.128619728775519,-0.22682015388934,-0.0619760362086433,-0.187281701336521,-1.2319682883202,-0.950882309384979,-0.497955556949821,-0.7726193084741,-0.194013021004634,-0.787232026145932,-0.764342248731904,-0.311421844270074,-0.342969019018171,-0.483239693077715,-0.500032715248447,-0.237029376658619,-0.514906391621877,-0.305724667085503,-0.563062187228585,-0.064628704653964,-0.614746415680237,-1.40678282128283,-0.325356679029109,-0.174763021638233,-0.56604586045083,-0.28204602872423,-0.203473798808304,-0.28726592726618,0.290885177615388,0.228469111584342,0.20253628020426,0.381295770173684,0.26894129557086,0.249204812011174,0.33468795110739,-0.185996436600827,-0.206444936124551,0.300611639372147,-0.290659006519424,0.271835103298191
47,JB939,3.94292415234209,-0.0773471943784842,0.65076066056989,-0.0505458115746728,0.263524608505855,0.297002424078555,-0.357514042123949,-0.501743273191553,-1.14576513072163,-2.72913767563753,-0.0025091783984909,0.256402203316515,-0.403384027305209,-0.594809613368019,-0.709096518343852,0.393314344606516,-2.50391583456612,0.0177516836335034,-0.158377015327126,0.0407235917118141,-2.60948217882648,-2.15688299198074,-0.868206455481255,-3.36394726669643,0.239851768795151,-0.222762002039923,0.0700038819399694,-0.623779809923309,0.02346994284616,-0.72027179115196,-0.699448197455303,-0.467050379428739,-0.378567329403073,-0.456664872384201,-0.656432110826863,-1.26910017228102,-1.60883406348806,-0.464180945212932,-0.126308743503773,0.0331168842244174,-0.324889386908883,-1.02097406891678,-0.696790119428266,-2.20842417607656,-0.728290490769205,0.143824552290916,-1.41918607597649,-1.18701253090597,-0.865057776796907,-0.946824826353428,-2.01033431442003,-0.009614032288668,-0.0559400475695174,-0.257711054572874,-0.435010140387376,-2.79701923237624,0.0221669078890577,-2.70707001245064,-0.288073459225096,-3.3511659798285,-2.99455284735969,-1.44410284797701,-0.22615534832306,-0.323109994126625,-0.214971991579978,-0.157092559728258,-0.449174780313204,0.0614071220737466,-0.102638332046017,-0.124862498691979,-0.193863997556025,0.0869747601046104,-0.159258284465872,-0.0221078971951668,-0.6278225150365,-0.461044639211139,-0.239185155966635,-0.528172533571723,0.2416501146677893
48,JB943,16.2652234241687,-0.336161568937264,1.08480604830453,0.0618943928340967,-0.495763831812696,0.590888707054368,-0.138374353272753,-1.57936718774716,-0.919971826988957,-3.12703164552287,0.0746487568945191,-0.398347059725241,-0.383945819153426,-0.315796018417812,0.285780842202401,0.296492653756833,-0.404674347591961,-1.78860536333256,-0.106083410576329,-0.126564022891968,-0.323586466306534,-0.30690373020184,0.809854471446557,-1.06199939288184,0.383465788751538,-0.171853580856195,-1.0472189492837,-0.515885877589306,-1.02028522096355,-0.805038627560011,-1.04458896214134,-1.01073228562974,-0.611214730871922,-0.548302167348178,-1.57006283425441,-1.11775804700274,-2.02166519512488,-0.672710137452613,-0.717300156540126,-0.0912148665521253,-0.375753667493199,-0.358973869112462,-1.23302974965848,-2.63507231452852,-1.28139883874519,-0.788342730011373,-1.80381049274519,-1.4343286355396,-0.450118357637434,-0.498320957894501,-0.124721676586769,0.125239880735177,-0.0588681834550357,-0.198556546762895,-0.533957556155441,-0.541129866963127,-0.785065062365081,-0.647234083278543,-0.272772681497254,-0.721743086904721,-0.953542328753307,-0.91761757333756,-0.107569712364721,-0.337148395986879,-0.200735857416883,-0.0509637454958645,-0.415571885844204,-0.278074890821957,-0.874064635459716,-0.401425748645346,-0.637264304121135,-0.217364028983827,-0.803152074004017,-0.396347130686456,-0.521225314296613,-0.300970364111427,-0.592325884282024,-0.477584204017966,0.0795702324894732
49,JB953,5.19729132838153,-0.638769355898994,0.464568033370494,-1.01555914286767,-2.55651823176121,-0.612282793755353,-0.360565030681829,-1.32712993977989,-0.646634071228681,-2.11427408436959,-1.70663367472762,-0.684405004994661,-1.13598374107931,-1.16356988076014,-0.966855965919192,-1.04280192697547,-1.03116633394229,-4.59307428380655,-0.331576993371829,-0.190158099850057,-1.11050799674651,-0.804361070577095,-0.119959435465681,-2.81408547611221,-0.30949620263764,-0.315149798680388,-4.51359056313377,-1.3822595448529,-0.419382706407071,-0.987332211886029,-1.02811402803102,-1.27150023158479,-0.81511220064135,-0.57783994350985,-0.134185009556343,-1.5663584833374,-1.58360992007921,-0.412044596786208,-1.71523085912938,-0.0113873298573602,-0.393609311222009,-0.323764434646899,-1.48700022331324,-0.989844730527871,-0.739003761958249,-0.507262875454104,-1.07636887750868,-1.72808637058071,-0.75170583749112,-0.483036307541556,-0.599311293566653,-0.0041116700813133,-0.183212508405945,-0.170628919322176,-1.0582045854839,-0.967172981971057,-4.43307412750763,-1.5971606622912,-1.35446093189238,-2.07680236114697,-1.41544371199421,-3.05028568141416,-0.629901248279336,-0.309619649942786,-0.244160152645033,-0.135410697009166,-0.88532890989936,-0.801097192251762,-0.801622393246045,-0.882008133791919,-0.995921803658986,-0.833540734220563,-0.563116365066697,-0.463942638617709,-1.34568370248565,-1.09900171779179,-1.1694102814706,-1.04446289518802,0.3268133316425865
